temperature_c,vibration_mm_s,pressure_bar,load_percent,power_kw,failure
74.43773663803545,4.12852869177544,117.4284206626833,52.38228423916675,65.54777990705705,0
63.68012715007603,4.99641828894548,143.52049965009604,71.16689757648761,63.823134465975144,1
78.00360956645166,3.652031826857999,74.98857966007374,34.178342318262324,60.6004772511031,0
79.5245177311297,3.4626319289375966,126.24707453462398,58.08922054616326,53.17742577631163,0
56.39171849076931,4.366237268858025,101.2624393305903,62.252873870602244,43.60997332899225,0
61.582563945101455,0.7423513333886733,114.50980390240245,78.80351867497153,38.96049109334366,0
73.02272322533828,5.0586632290076246,70.34001146011951,29.465416793060225,72.63848842818672,0
69.47005926125134,4.198986425178674,126.42547280797535,58.55354587362827,64.23686834762543,0
71.86559073996568,4.271448347875611,114.15730152397295,38.46576475944143,40.90713236479321,0
65.17564857941136,5.9293217536700356,99.29961937384809,67.09892879574895,52.63730829157015,0
79.03518379890262,0.6849320459131536,111.61202837790019,71.98989765621027,47.198158512239786,0
78.22233548343159,0.6470990342538654,86.22108458123951,81.16906436514557,33.948628708708,0
72.52824558048972,4.692846921582335,89.57007845952941,48.36946982244926,54.84242202594084,0
81.01792965574427,4.187189660768672,91.65799695474287,74.69007674239822,45.35211737217287,0
75.74007473801636,4.506318497745478,66.650898489575,82.49622857458695,36.75941333926903,0
65.1256602969341,3.368171264689598,115.5116528956606,28.421554542601598,28.33387913373181,0
74.95000627265999,5.395836613631876,121.44868505528619,69.02220856177212,26.97914399670926,0
64.32893919336802,5.878749917384016,87.37580530425085,75.25320256804191,46.05718195688577,0
79.02760241045819,5.071168129112749,106.26765428700674,53.34292504502613,50.63848047320135,0
71.60059271210997,3.7305087748717507,95.22027145667374,36.20607560454805,37.99518703740294,0
70.52110109163792,0.5,105.90893131745855,74.97320360997394,62.41183084251564,0
66.55256364476847,5.584625174466831,88.70360965820147,36.40884110396038,50.9512553314726,0
81.78033070939225,6.399111599191667,84.09834719042256,54.78967417880376,61.230164969578404,0
70.76376414344958,5.360205141571164,118.93734794842737,57.27776695954008,49.073427356996675,0
68.57337742269515,2.6166436307384884,98.85032946775914,70.87968493067198,39.406117836686306,0
69.18293159609416,5.412829908601964,136.39796111536256,46.72063192877441,53.825881138217824,1
76.25847348442679,5.748953474330602,100.83357936629452,45.67749360109861,31.79720780770684,0
74.92355251491263,7.005869246038355,83.33059527369113,59.780478617735994,60.63101633018637,0
75.3018608927679,2.6230021363896765,122.0849357758469,76.11502859715549,37.005612695789864,0
75.44656802406305,3.792381747820551,111.35440295462836,99.17410001175665,66.69172042453518,1
89.1331808069637,5.5450896920582196,113.08371154653562,30.865338403982058,46.584708060129365,1
68.74867986892308,4.303338128588684,121.43081221962254,63.676156320158405,69.00053626095867,0
67.9020581674277,2.1888103163077055,88.2496667107757,38.442369527782745,34.03802898258695,0
65.48981817401697,4.946309313048066,97.70944043826482,76.33860237772137,41.155684788338874,0
76.92783538060397,5.2415909408673,96.91390303321973,41.106198148433805,58.09495914957713,0
81.03177834176714,4.358333213395804,76.76656233551887,45.856332072718175,70.72795349482809,0
71.088420338761,4.595252868923899,95.25537729715161,47.39312453684807,78.66574253303875,0
65.27874818429977,3.734329376965686,124.05483024178284,56.62841910304353,52.661858618893966,0
65.40415027447008,6.860902084288907,104.27208586828925,63.817556743456734,81.4039300925881,1
77.20474230259761,2.578754069317182,75.77089609879022,66.70662508495325,47.36536720279311,0
77.94603336962754,3.142822627025198,71.99489059003116,57.8961841687099,69.58028195780756,0
76.34523414644156,4.219773924349546,129.9659690574689,34.06196159606954,36.925104048651114,0
66.67592234169045,5.7821172498616065,98.37425781540766,71.1001507055834,58.72320810981207,0
73.85729058453376,1.5047282938298339,88.34661629737089,57.0467440540655,15.0,0
72.93348647312583,1.8414658504222094,95.06814823185394,78.91122622026458,34.05454381355002,0
73.7495087738321,0.532088686077508,73.40846042228802,45.260701969361136,59.466828769292235,0
78.97143022358551,4.2588514054558875,125.61571269120915,29.159054907682098,31.000978364791624,0
73.78876439019746,2.1870495290282213,92.92504712345146,57.387531951704645,58.83119377262695,0
77.43130850457516,3.50780980196775,124.6132274992916,81.32714838911677,66.50332993299781,0
72.54063255591113,5.390480741805074,100.92973086005168,60.896958459088914,43.97887691650755,0
74.31295518951987,3.0452231025908763,125.73157554223192,54.405943614888585,36.49675270921283,0
77.05030580670832,4.616307640938056,104.62050098277554,42.333753682166204,44.41301414632418,0
60.34275344115467,3.6611917660469007,115.35818793164337,89.6397964002548,36.54700289305303,1
69.44263026914159,5.409805767173586,112.94367482959007,39.467153292073974,50.38058307174532,0
68.23701876565764,5.055230521226416,111.21923919253547,44.94290336269168,53.63344999820931,0
66.88897721405327,2.9545193468857023,106.2628205892888,68.2606155295124,47.10383803045106,0
69.79886199018652,3.8964268438791856,95.80868710991948,24.591627582037788,78.78974784298914,0
83.95953048987516,6.07873811589689,134.47782444831148,80.9426319768641,40.48953888500839,0
65.07335107445405,4.908078366457374,83.67513426827378,69.2354760559124,74.262930868085,0
79.74622683673185,1.6854682960479637,100.07753756217687,74.18615929259997,35.34017221900618,0
58.537041827073566,5.380112510108489,100.26794575373671,68.04610621509377,53.16444111906478,0
69.3209197601138,2.2477008796147713,107.2439335601834,55.099776685785336,70.92968653676911,0
73.30202452084005,6.742523525929811,92.26949237389898,38.86332321720239,70.10171443605309,0
76.68977865087423,6.043377911713845,105.66543350061258,55.47864205795071,45.27587363679624,0
77.68981263834284,4.721793856653122,96.96083346634661,40.44574638845258,60.881115521141524,0
78.34677788159941,4.483019118185148,71.5248546861178,66.7507955813749,58.73886533862762,0
69.2101994220125,3.823741939150644,100.17194115262323,72.52203694986584,43.36097314251616,0
68.30118565868347,5.42134311252005,80.18982400545727,84.58255536156773,61.85519899436919,0
78.86380705005723,3.532599294968289,68.78105627591978,64.69181752995154,81.79987475283797,0
70.46956540094708,4.624025767151809,102.46371977240892,74.64235641871335,59.54721064100209,0
61.79450941329662,5.769481859735012,108.7819001563522,52.651394729857444,61.06170206513073,0
62.93370228797215,3.1887482216539387,109.48056475788238,49.3910115158525,62.75447965121132,0
64.64438171198711,3.0908530680167496,110.20907272635449,66.52609403470242,28.624374282317753,0
75.97728595243011,2.050142134695974,65.21339762306901,51.04348829109564,59.36359477130062,0
73.13940588856453,2.28394905697289,75.50169529766555,62.84534419889784,35.73184680258356,0
77.52388283254214,0.9088884394052958,135.52338586264608,38.89854059196242,42.56180894883521,1
68.58197882930773,5.513691820227954,81.15024231861335,42.13070171542658,86.59106849901605,1
73.26831752861371,7.4560461757489875,110.9951385604604,69.43736741832922,47.94781424545904,0
77.00472315173869,6.76559209824655,87.63512281001476,73.96042135730973,40.157214331292366,0
69.5252276822381,1.2730479204722704,101.43410930681615,40.258188958599746,70.44132126242228,0
75.6542019004593,5.50473840880116,88.60142435907531,70.07105758911557,36.83716795452197,0
66.7045924714668,6.759791429862402,110.1077407831536,48.41075788536506,44.841293692965166,0
69.09556922747943,3.377742034670405,102.46193411170059,58.29709317160558,71.98483468777867,0
68.94609684801337,4.3826053751700895,91.93078407440379,83.50499948423165,52.68428104492735,0
62.433282835287685,0.5857925085515934,81.09690184574721,72.53477021241308,27.01444727797553,0
75.89577984628465,4.680125102357955,104.8199355548652,72.32569578439947,60.70383382916191,0
68.24478127837821,2.285592487017509,78.17106161723338,92.3582264522254,45.65654588725586,1
72.0999529498215,4.559343032240727,107.6946587581751,45.330171861103636,76.63762378448392,0
75.84597327124727,1.3898347400600155,147.2767283626642,40.25425045013418,42.301008837853864,0
75.57224940823956,5.177144804059672,124.30306092271621,45.00179913588537,68.81961557961482,0
77.3230808717823,6.044122815768041,112.93026196409494,53.418981038680926,80.41116851785142,1
71.21211612392462,2.7902762489126984,98.45906864065934,20.0,38.38490841901487,0
68.61361350364677,2.153539353461218,65.10245271393654,54.266291739457415,48.90859166786892,0
71.3622543127488,0.5,76.19884487379669,48.197726825891586,58.21800438631121,0
58.50132452833576,3.7204556386646814,123.09027140984884,72.10767581316038,38.28246795913321,0
60.423100220615304,3.153130918293111,85.78439055775397,64.34354882218072,56.32471914732529,0
61.418403101164785,1.4081650577735014,87.41346223304716,47.18746070015193,48.40127539990412,0
64.02202537918815,5.015433761361909,97.01829143768761,68.61929521653227,48.078918854506156,0
75.1981938137875,3.390053312643632,80.88316734076201,71.01873507682785,52.783014283329784,0
64.75616755711951,2.2636752744385817,77.91816277807055,44.16617578375461,53.14023544925703,0
68.97469956768488,3.2017696698471956,99.0914666899344,49.125563403116466,54.62209230521665,0
82.39382638228852,6.128348170073308,83.95246981590336,20.0,42.41877847269145,0
69.1498882315086,5.2852864987594,86.6616655639799,38.36812046135287,43.11725241040395,0
77.9001245477367,3.9659530893027184,85.93856152935389,44.635547912375586,50.10259857880271,0
64.53105855992098,5.3143890332367345,109.40248384902043,59.33499117890839,51.283877740227275,0
70.35649953705897,2.11035847850387,95.82173757108357,40.983111771523326,44.97841056085413,0
64.39982356071535,4.258266181308655,96.78570457791064,48.75786423311604,57.18303427337629,0
69.2877353927955,4.465180194875647,110.7450261515599,35.944047731513216,22.96381202119685,0
78.72246509965916,3.354294284702292,97.44328705180708,61.080050173562874,40.31253985745677,0
58.18143661446121,4.983825004723352,94.99143216777088,65.66286270252834,47.52115478075433,0
75.47538914836686,2.7952197816399877,108.46810640026308,65.2425762715568,38.30215700751032,0
73.90188481865822,5.117677273997012,112.02756118403735,58.22250037429467,78.06716823694225,0
67.24680035442564,5.193345788756326,97.35267700884512,30.2606860629749,52.30178954759923,0
60.43153716489236,0.5,101.45093996116938,46.84083404992869,54.82831485161445,0
72.57703606171096,6.342550266318212,85.9277758648001,50.66847989826728,44.26830867255263,0
67.76405832748958,0.5,84.50770522303854,50.74068436742874,51.747537274032624,0
73.86140969083763,3.0911117539989745,113.84465503540254,59.34966192381705,32.55594457115626,0
72.17481716418754,6.045626461663959,108.00895712580319,83.65974470267834,49.28292742247883,0
84.81423113056732,3.628883894545607,108.19537189149837,72.6177318283228,37.00786514246791,0
70.0851549802158,1.5608652315548244,105.0553782770594,40.2246799627235,47.5615426439014,0
63.81202005902508,2.231273288909993,100.83165896466916,70.2112517553394,15.0,0
73.43420507965052,6.048430343377116,112.53541403480985,69.52544261798326,33.95194866490359,0
73.75997347177412,0.7412918450124515,116.83195769841011,43.49078548687183,75.42282247222934,0
82.8735006019235,6.232183981731631,116.40210409343166,73.2795866074379,65.28636398572068,0
78.68088996731663,4.100816221723879,98.18599751297224,55.11322055298526,73.10462937464371,0
74.85496847319608,2.0536884052036197,124.96586913835908,32.62083717973999,74.20354031473478,0
83.7064231297565,3.150392869855156,104.11229227118179,66.19364904346855,62.76779878663164,0
62.48989556541719,2.368996186017046,111.38277146618438,61.905312825061436,44.75410103393384,0
66.88198773800202,5.759205361545352,105.07758203502783,53.9018026746551,35.40398485975004,0
64.5873924687558,5.518370057573109,104.44612073471514,57.32584447030061,70.34791368719515,0
68.88152157475386,1.105509959023116,86.75646417549424,45.05646138000768,53.03308759019825,0
60.98651081954953,3.4735341866651988,112.62431509020686,68.98234906834797,91.90436506211051,1
77.08120757451523,2.6462658077803014,151.2152991083375,57.217888578839336,46.158432383827936,1
70.22221842320981,6.528317943226867,93.2536886537785,60.996079191068105,83.56633367648769,0
60.23354964397873,1.769821587372442,101.27790487764906,64.4285546397197,49.49133134886792,0
63.875367350339666,7.087612388433025,91.96830524174928,37.21745894032615,73.3767775561392,0
74.50811077960157,4.1400694688695125,91.21564177188517,41.90290560612306,79.14706779571928,0
78.70501254315505,2.1085180685158424,127.80009060613611,20.0,35.6328011491086,0
87.97384713353429,2.9809064687833002,87.88652168090563,68.16536065282733,44.240030747346104,0
95.31089972805864,2.757086086616789,91.4665514794055,36.1802195725582,35.4723323888235,1
75.31527546620796,1.9056868763720893,71.42512917283658,60.38625477812174,32.32088818786842,0
64.08369503974508,4.370688347514676,86.36298895823955,64.67778804891195,62.6730696083992,0
54.943629754149526,1.989752008754682,69.24880192683975,68.84235110006537,48.85394607601565,0
74.14169169875069,0.5,111.37248458581472,36.327695550950935,52.83786117104218,0
65.4964712375174,3.5165823524732884,150.39454999307156,56.82709087346756,60.899826159572484,0
68.67714191856251,0.9548588464478112,93.3997817142906,88.06504757417949,22.281810660561366,1
67.10322560752154,2.8461104374784636,69.99835720617573,88.85766423971769,72.58825606331288,1
70.87367290866892,2.5636148005139594,116.1999939597352,75.77181569248512,46.41449338656132,0
80.52784184630114,2.6318110703535345,86.91535073925718,64.07487649873912,60.51842089980572,0
73.25638853956276,7.801733582862276,123.38824474996372,39.9080850007832,61.931405427656756,1
70.7309213036905,4.3015408209052275,94.923477139781,70.93518925703896,73.93274497222146,0
63.71476997739351,4.641667816191598,88.62731759650995,55.15561788255687,50.32228179547146,0
58.60253644236514,1.0024830665838698,96.79676399657764,68.0895089549112,18.021800655313108,0
68.10953672741336,3.0228663594535408,113.63998169685136,46.6088178126619,52.91404181525697,0
71.56973959345343,4.587544733894722,95.90642864639818,54.88720396888128,55.21130973058562,0
86.14343930863906,2.3558479567565884,91.0589553497133,60.954652481375646,35.45182625375813,0
73.04219617178309,5.834513118332374,96.4210311463803,62.43300564688945,54.35985047092702,0
79.86191608818446,2.035146145378146,77.10660667898406,66.88700886028447,46.22370504437933,0
68.00563521168678,3.6845409554426842,107.14656884129164,47.574490278551814,30.515936811479833,0
62.5204498686638,3.145107048043995,67.83892131079162,33.820879862016355,62.743758320148544,0
64.27906590214103,4.495777186887449,92.00581382142073,87.2461307181963,42.98039758563526,1
66.19819148371397,3.0471178706602338,113.66893375895337,100.0,45.49793256420689,0
89.02775785948131,3.712391471272313,105.4548690927889,66.05357280164282,44.598738443406646,0
65.42890656620492,3.774965834799626,110.62577031375503,34.168142294858015,71.76765755942634,0
78.70791362989075,2.8781020366956582,98.82917789106143,44.08248789682822,51.345341411625725,0
64.77658257530379,5.073168963294803,121.0554312577393,67.16411624291744,53.26559712873314,0
79.45258410299395,4.629099074707366,116.64458554185626,82.14008101026315,44.94982152981765,0
75.07960772884691,4.040494898544299,108.03053807645814,36.16796857824659,59.40586915607848,0
70.74689681873528,3.4251749997684757,116.69582399164378,55.762009224719776,73.58908877521074,0
71.67389979091652,5.633779254935995,113.50762397926438,61.52677715999144,62.365773079784105,0
66.76169843656487,3.7754983611344737,92.08965675975597,73.56241212314575,62.9898713813577,0
75.56857761185664,3.6479448819133133,75.809819589556,51.81518030079317,61.69968329414953,0
68.36013215727375,4.388442053798627,107.56651826516723,29.851335556205356,29.91611770702139,0
62.19515388986201,7.253856029347531,109.82960615496572,69.18155607015224,37.982098692813786,0
61.77649940544305,1.787358825561833,119.62849584049418,78.24632737308228,48.72020170241398,0
73.38070334177695,5.585742407499639,83.14621704918471,56.51335368858711,40.38617532010839,0
84.63273005128347,0.7922919097714112,83.68424093301107,65.29432164351576,34.967407603904036,0
73.27993290858751,4.5910916848115235,108.27820479353987,49.45915787031273,22.045188146070817,0
71.05089339112094,7.035149089695715,98.71899420064445,42.7760896949339,30.455532589853743,0
74.28660911682034,5.079603344041153,66.0562910097197,76.47566224984993,47.89559108251839,0
82.4480139336546,4.507125141371628,106.75194694757543,64.9749252606603,50.88917813089785,0
73.75506001091085,3.1911909561544642,66.65638753019881,66.82663478923388,39.311139581910794,0
68.7125821533301,4.255884960879397,82.98538206627923,85.03807266390304,53.26280340293162,1
80.85030968047911,3.746286932273959,124.33026471148193,39.01283798226568,45.05866174546598,0
75.43005150769291,2.785242105723561,132.84782232052808,48.0635271731304,69.44917739798157,1
84.28604793596793,3.6782238921452346,78.1181853675047,60.842800279024516,49.4139877756026,0
73.46587549777524,4.5570860891275915,94.0709523265715,47.842361720297646,63.141294102427445,0
62.204247746236,2.819009276644848,100.76720541541671,72.0964576349041,55.25142019671508,0
61.05472640603468,2.7486927227675686,132.06208469646822,54.626814023728286,29.56686337209512,1
85.20742345785,1.7515618123340864,91.12835893916078,40.13440946505059,50.549469188205194,0
85.78932576626637,4.903305046960013,91.41608758540099,59.18389015337791,32.23001441074106,1
70.56384629373919,5.181581871540709,127.87706005233152,61.066097874522185,50.27006658852926,0
68.93450143091209,4.616988799625732,93.25379525107135,74.82427713213394,40.07790692430898,0
83.69155433793762,5.937306886911599,112.99963076139623,65.07653625665364,58.11140853575694,0
63.1436345436521,4.35816174674531,73.41142662797631,66.30063504447705,30.52233060054078,0
64.84218384835339,4.905619687258362,96.91781060633812,63.76525031213005,52.235229204471,0
77.14661435751236,4.746907366147614,70.12725691012471,54.61199461674525,61.158649321011104,0
68.84315901712328,4.035227965047226,81.00219194279732,45.108055927997235,66.52152910894392,0
71.95902506623943,3.2445207093666353,115.10562439274074,63.19909032986877,39.77331587385243,0
70.6924568118039,8.18547470842544,99.10170296043917,52.00375421409447,52.2840155553148,1
74.70059639039147,3.386488236263685,94.25609667004646,88.41680716793827,54.94635156658518,1
83.25985489050973,3.001420119983215,86.52250676834348,82.15928130591794,76.75402047268429,0
72.72467925521397,4.981217682210193,96.02819068165691,69.39110438232895,28.29871902799781,0
77.15151034621486,4.65333794753101,105.42003700781248,64.81240490727374,37.42235927886322,0
55.59862319175182,1.6713752143014107,117.69249171631171,56.41673708233881,96.87139988377729,1
71.61025278455905,6.220820858214729,52.74735968625756,35.29977283575157,47.630443456704405,0
65.25415783765703,4.0304497643685,85.02829886326943,54.10889998020462,21.744099041547607,0
62.24949551661098,2.2003240286117034,102.8637323594021,59.82520060129462,42.67919770642934,0
64.97478106457,6.339811405836974,98.22046391267885,62.13021654000392,15.0,0
69.3270124743935,5.326216028873077,107.26077236548105,66.45165460628488,55.85473139929845,0
79.32722033884811,1.9238244144937546,104.81572515027797,74.58394356179834,64.9565561644515,0
61.38885825808349,7.398929112463904,94.51237846611868,45.54122670952839,37.41340198129995,0
72.24505194075535,5.385835263059147,90.51664247223081,45.704639070237796,44.46841724397589,0
68.12664453333137,4.181646991874917,95.58097318476098,84.11542023537686,66.7784664859026,0
69.37861524510431,7.062393850119204,120.67736229680938,71.87766860547667,23.996552562462874,0
80.02206260243683,4.486736010893353,86.82385720769715,50.96612304160022,30.85486060480727,0
76.3049234960314,4.149450464812743,98.8694789834088,56.07019895885974,48.350157092549765,0
82.69918485954194,3.01145979116042,103.30015985197159,56.151148959851824,39.962642600530906,0
70.76395456600079,5.247330790752741,128.08631673774025,58.56833420106489,47.298129640422594,0
66.43245910663438,5.057885341183164,94.59445135174636,66.50829566029503,31.77999488949565,0
70.209129464956,4.226424251801481,117.25851980819729,100.0,55.42901577474412,1
73.93997433016978,2.778024563038315,122.1756292587704,61.415618100927745,49.61227063712018,0
73.41258686762968,4.433873737498933,98.85242323016833,69.92676670765451,60.78704790772852,0
63.32489542213307,4.074362185628152,96.20705837661828,27.643419288577434,55.20639200768468,0
72.72391825302299,1.799746226278438,94.0770339031321,49.271800129980974,55.307041159936375,0
73.82582664111123,1.5507377676164658,95.39518358363352,80.11867004889889,28.85908232751818,0
92.13979230027137,5.217276081857586,115.37631749038299,65.24167704441909,59.88146482631795,1
87.01475689025337,0.5,104.15817959059925,20.0,46.70613757112893,1
65.17405319552944,4.569738948530268,104.23521476505765,70.13241764169155,49.334427077606115,0
69.70093310760659,3.339450496043116,79.74597681316297,92.52695910331784,68.77223002225296,0
60.292463985303975,6.554843892383838,82.58517860724578,22.07366344984372,40.48903109572968,0
67.27434388829211,3.3117572235230237,138.58204284598565,85.34897816161921,73.618949255344,1
74.52484002872272,5.387071585653413,96.79913694480359,20.0,75.11160478996949,0
81.64682896710588,3.485555085771975,86.05410407958952,74.88398101096143,64.04455099782996,0
66.16732929805113,4.4047466762750584,125.75978498060735,57.84432473177968,36.310067027721246,0
66.76682847945763,5.526305755656092,105.07255387630394,20.0,17.019308069969092,0
54.82168776209076,3.367399710615756,110.40678850356139,66.03048089031616,69.26135862815906,0
70.69867263564073,5.993798792097127,97.5151526449324,78.71511548473705,53.782160981297274,0
63.5006847051235,2.4113438212083302,94.26388436961753,64.54996606878832,40.0768404668566,0
67.76448458107141,4.7302671166050825,96.94744529504878,68.52689746707304,70.77699750008964,0
64.9851137746593,5.860751501018135,75.11071293462471,50.58982997789689,38.21505790595505,0
71.24589956597954,5.388067485222603,98.41730663044184,24.494984406021608,45.21351586830492,0
57.93817286914695,7.649600778123739,105.3285953867671,70.45355240206716,60.398245829071904,1
60.263638036872074,2.825809228840811,133.30833820918758,89.49557055003332,34.18235469416196,1
89.03397689622639,1.717531347572542,101.54798317009389,78.33245537609426,50.24830544628692,1
61.70061934980775,2.410196804708785,57.98481324021451,22.21823506717577,69.42619494261379,0
63.225715372362885,5.388796619787187,98.30826220987682,30.731900670203192,55.37777189793808,0
86.69530822657052,5.096261281684882,149.3110743959495,42.77258064764787,71.9588213891789,1
95.24053735392326,4.384061987365349,115.59459222973072,29.32644187695742,70.13763772809597,0
62.62746696939727,2.1786773116071663,85.4039990114454,58.795418552008705,52.12381335074591,0
69.05400834569575,5.58036112799231,110.63991725975002,65.0814844932494,15.0,0
74.73244440752407,1.9955314002290274,86.64375835198467,32.255440901637385,34.3076432765551,0
85.82958115524474,6.28610924827842,75.63146464815657,71.98831226695951,64.21334579815183,0
64.1051433725741,9.343389161651757,93.7293514617867,68.81987099236025,27.195977275435407,1
70.03777723246313,4.859612063828791,101.6474759062995,48.133135752813345,46.7729185826088,0
78.21870060849395,5.249594644183938,66.30120095619887,54.89460425228829,57.41568981902452,0
75.47812859573295,3.3128524159879933,79.31513277030456,22.90357883824543,75.51313113218416,0
68.99075143015921,0.9416160220437306,100.18604013728239,52.019281186832664,42.79968485672937,0
70.92941628387167,3.1151051465456,92.65288283219883,58.13292953434586,41.70419665466993,0
61.000833533040144,2.2327885660222515,107.10660288062964,61.037456714107414,51.16086773607199,0
70.09461004820268,1.595391762452972,78.13597010844589,64.81978441636313,57.61460751696164,0
69.86890007992835,7.300247895592169,112.85404747395941,62.3963513781503,49.5320507616625,0
73.85735911701005,4.691152532446392,78.69233625291649,53.24181344921793,68.78829358217297,0
67.55738224944787,4.883437645105171,129.56921743487734,63.1515089659777,39.21369867154445,0
75.77230818036111,3.643759742646751,69.1163508811903,76.03657587958446,53.9225749340647,0
80.10172654255862,3.8888320516018147,80.33402313309857,56.2810346804264,59.123403363952306,0
73.24343462134773,5.9361912280308005,107.51267445457293,63.71670803497018,45.596275041506296,0
74.81405126719363,4.141793186348613,129.95619852695748,54.64892087204587,65.43535898495946,0
72.42524278062294,5.155249088444519,105.67077465009108,46.358339503367716,54.38333665987759,0
72.00067514473132,3.8471922638789717,110.13144256328304,67.41183400451688,64.62153141043638,0
66.22753573165723,3.5841247966823153,100.31566423011505,48.00593300493631,55.10566572878131,0
74.53195409338646,1.6675545019166487,81.52482782592652,64.95064421785943,58.02247314379565,0
71.22170721269208,0.6400516877391693,91.17750973169117,58.50859668718082,41.881731890410315,0
88.74534647144476,3.729188578080477,78.18562504033702,52.52917582263742,41.907652716940426,1
84.58683921980194,4.301694045587819,76.98322058001631,52.09342902136011,71.59034367886042,0
75.08677242045201,1.8849659339241764,107.23148054775544,48.853822136517635,62.16816711232532,0
65.89554232244186,4.137945242937661,79.78279632241669,28.375578902397752,35.63255734044157,0
63.10070822413266,4.2967546133829035,105.7519721210205,64.89211171291046,54.8938147944773,0
81.52914362471093,0.5,76.56719046002024,62.167842855009766,15.0,0
74.1019938011771,2.552775612936898,105.33489436210158,73.29406454407288,42.816957380809335,0
75.8411472271329,4.9330750087238435,91.20371375866668,48.433775758477694,67.37644282591849,0
58.04331210420646,4.896705712912339,125.31907960571161,92.11690525858,49.997670580621445,1
79.41950785246544,2.123385150480431,105.82694012042317,51.164752938706606,53.8866027146565,0
75.6353627057149,4.4852064908995235,122.24409207389455,42.24802644049547,15.0,0
63.116554524684176,6.04033300564885,86.39835910434654,40.11367144283203,45.72394210982157,0
68.2278015404004,5.598731326183617,101.010580124395,26.789396741866078,57.4123555812354,0
74.10973763485215,4.028485583374918,82.34043115390699,85.5873020630763,59.44463800637344,0
72.41973438684995,3.3576426360162737,92.55510563060048,82.67921303383591,67.39769138134983,0
69.66263051357156,3.067179928197892,95.28212399059667,68.81341293192564,48.63587597162515,0
71.17209385547231,5.042075609237383,86.9345520276315,41.870401460035964,49.34950699801362,0
69.98418097434492,4.5511871516571984,78.12094854077749,90.60281826806415,30.686121129442203,1
73.22050009681975,5.332927210983961,74.55668817425226,51.66905509261019,48.72765537322883,0
83.77193578394525,4.437372863618074,57.88453391726685,53.157535037920255,31.814799001635222,0
51.46673247254962,5.673775110625396,80.98576365693776,83.87066344784937,22.43407808311333,0
70.10519788392253,4.37026655932386,111.2948901400932,69.8603905206557,34.63713007823075,0
73.41209937097958,5.612439689037036,71.2270264237609,97.61985649758267,76.13895852486354,1
74.3679519174968,5.76748098665995,75.37378876744052,62.477000685742354,47.671020775787575,0
69.02468334942968,2.751852065595336,132.23617428219248,50.853445607582955,55.518037808373855,1
57.94622574017134,0.9453407156326574,88.54307110273143,46.98751209772368,43.7840599808311,0
74.62396386971288,6.978287140826197,105.77882816496704,24.754068810568718,23.35118368876964,0
85.81880171331348,4.661985715282071,111.5617086370089,52.98527608948832,66.97780999887532,1
59.7291087606709,1.1139253881069813,111.92547033606304,78.60268009889285,17.24482976231058,0
78.91062410958551,2.91512490500632,72.59834384905493,68.77901510780924,43.12331717133347,0
69.37179821501685,5.589373726265691,95.84092576180917,58.36554411808731,51.12616190639902,0
71.50940523336922,3.696581703960793,70.87190914866895,40.09118001130607,55.68783429487768,0
63.576811914368406,3.2782894452255715,144.03372146038583,62.08371432422927,40.37648632753808,1
69.32435062115299,6.72158734856334,71.2922452477192,76.23064669351672,22.59261627112041,0
82.40035675759167,2.3148831365091413,81.13887606034324,65.75294661645972,39.182507322632986,0
76.66124193590166,2.763323956041299,81.26918461285291,61.00123305340046,40.0198721980854,0
85.85849284327955,4.580495655086882,73.06011141898816,43.65476224093829,39.630504077518715,0
81.41929511182155,4.902818877696989,124.34669037561781,73.60927265401622,67.52093744332166,0
75.51269343143662,5.093417461813317,143.6040622195029,20.0,32.58235554977372,1
85.95147620934233,5.840228480224105,91.43651585237289,64.89122275957261,56.81566839101054,1
75.51194526990639,4.557441517226731,76.23238335680063,100.0,54.532752595486656,1
78.62390541437647,5.080891090089136,59.73534102293162,30.849279028026753,67.36728123954671,0
69.62743237172234,3.7334233332328504,95.60604306660217,53.65534981537541,49.8698900522091,0
72.53236652687364,4.312856945826086,94.30542238309401,57.85760217775493,64.65809547516093,0
66.42060941359779,4.393561524096542,88.2766697255174,49.67350934698161,49.24447779049443,0
79.91667147675882,4.587176644474265,103.98475457157211,76.65473636606163,58.95028042535681,0
62.57357101508107,5.590571653648969,107.11311657067876,66.50411825839542,27.95294260404415,0
78.25880273934129,5.1992622275006966,105.81549864288222,60.741406705851745,15.0,0
70.47479153995873,4.27959060522033,94.30975230456723,72.35090610104704,58.04074965705365,0
81.36997674773855,2.743573227106128,80.17080706766329,58.301512763291356,58.89893001662767,0
78.00695190985007,4.321808264512877,111.98499576052089,100.0,59.60803733043012,1
86.56516926117442,4.149567987187661,100.22524766958755,60.72424480582134,43.601079763925135,0
77.84619752910916,4.5477268436637575,115.9904354470237,61.51507777281468,75.83555603536595,0
59.42367795477408,8.171745552852723,114.22135989050017,27.211575107681043,44.64195494820765,1
71.4643746168144,3.2572089986257766,74.40828275715192,48.217894108538374,58.734064314757916,0
62.623942459241476,4.960120234425648,74.18400026576315,78.65279827239658,61.514179600065255,0
67.8537612610698,6.123231721039737,86.4002670626705,33.961776693522296,79.49984255598577,0
84.08982746621378,4.376403445378889,80.98722265076798,20.0,46.927526083362665,0
77.10027048718158,8.408121214509897,113.59453196756981,58.58167848137634,41.548913500333555,1
66.40855657137003,3.519529274883342,106.32357416778252,82.67340113454961,28.02967384935483,0
63.89026106847681,4.783360600176085,119.7853118881356,58.762862116530265,76.83787210659958,0
72.26225674301008,2.762149659192633,107.13676271339654,51.949757152725816,58.74257451277664,0
62.26751880495098,3.5672554767420728,103.75569247372064,24.54721712066236,59.248977694308834,0
66.63087778082735,4.648081038713984,121.59513604619507,66.14057420863948,101.86726786118271,0
74.49607577240995,5.723347312153914,108.45509211523087,69.9029519598948,57.20071585898079,0
81.24249628885357,4.774370701242434,101.22581734187894,25.928815016180195,31.162857518399484,0
76.87009177779552,6.466406728802525,126.64815461075233,78.42158407654993,48.86554280011238,0
53.669683931215204,4.029062440933191,102.07325589675023,71.78251946605796,36.40348145842155,0
74.43493383224208,3.6020966462897905,94.52186911147741,78.38168696585223,45.66610568667564,0
72.57626858586062,9.067173193102896,84.9191813420023,68.50345165300016,45.55856635592628,1
75.31112228298154,4.909627768995655,112.6544582628174,69.76628875860374,42.60760974292721,0
84.92967745320966,2.9049332172386144,122.26690975316444,67.3729761766313,29.707479914313648,0
55.49409378556206,2.950325227953476,99.08942677419826,73.63250178702152,77.48002613875674,0
67.27117259847115,2.5031761538435875,123.54248122803709,25.262360155769464,56.7815687110143,0
76.72725058234684,5.885824840542218,64.53972942451163,30.980930194812736,48.39244744479619,0
59.34724480436846,3.5441208727921647,99.00183925345753,44.75185779658411,64.12220527225189,0
83.80759238442808,4.429252456181675,99.27829158212015,55.66323690989404,59.537076397590255,0
74.94685290160527,4.085684386011116,86.91410129666775,64.98646461954723,56.41105172387276,0
78.77267188674723,5.5166863342936825,142.90949868367372,63.8442697581193,62.959969164269225,1
67.43245070782564,2.6758606328087637,98.8085326116023,78.10790460620856,54.1429559001385,0
78.51010951972968,2.263969884942572,92.66084611112021,78.67291537444632,62.72354331186546,0
80.54777244791231,4.60373515292687,100.4673180418031,42.29706805071173,64.0497968140444,0
73.86302416109734,5.281726712459815,63.949352706535066,62.294369980908485,54.60349976052485,0
73.87520714158957,4.798558163575754,86.32237734379153,42.739032141006916,48.47368810406215,0
74.1627459142538,2.7429832876248104,117.69831945001727,54.6115533096358,76.48636482326253,0
65.09323788208495,5.419472715764509,88.67898361121006,63.7922446428729,44.35357536362506,0
70.81977055807718,2.8610503312278586,85.08024706959512,20.0,58.261017606837534,0
70.77981974038113,3.2612304393845104,123.5714614572592,100.0,58.622534571825064,1
75.06715091482796,2.500883655500396,124.12457921713292,68.19535619315455,42.247074363781834,0
79.99859397528236,6.5420850275736555,109.30582849890055,47.27734104255869,39.07484183501611,0
63.53171134417273,5.340158773849229,91.80788798730399,92.6926555941441,46.338367666082384,1
70.99992775744337,5.2889880762219725,95.68952082790618,51.7462389312485,44.12453034919027,0
83.85164438127178,6.444980558056411,85.52530069165074,60.38534894490504,28.669911013778155,0
66.05129416949949,9.262768646829702,82.09408385748439,49.23191541284271,41.57607867969159,1
65.42199986167743,1.1233930129617202,81.20050321044822,87.73585307398011,56.259567754153,1
73.61844953464954,2.870922154421206,88.87502067786626,56.11027528649415,72.25509734637758,0
78.75508152388257,3.0908848484858575,81.37502216767459,60.69071381331116,60.87026136277813,0
72.09140844448527,2.668524679711153,71.85330786622332,79.66807875445804,15.0,0
82.63168472349591,2.2603501543133175,103.94924805557031,68.53251023429938,62.260859436117244,0
78.85435186053222,3.660624484700342,104.22272045608187,57.021734827586705,43.069571425668514,0
78.7345605351205,2.010113312479071,130.6142696517097,77.98703750243433,59.24928119500421,0
76.43293201059275,4.803076261567344,87.96990936961535,100.0,51.77383585262995,1
90.62122480276868,4.2930569785715065,105.32981061321887,63.713388078389585,48.91699798261075,1
70.35870648907165,5.065851596574579,105.62882642694643,60.101681581706195,50.36422835260574,0
55.97182166346789,5.113911212948855,95.4309238997404,61.07128750514347,51.64121106768352,0
84.83403489213713,5.285412336168018,113.39800459749416,81.58773101496732,73.5104795534439,0
68.3384045523454,3.5278639137170122,113.95412536331285,47.214440769407396,51.6854370066386,0
72.86304355474427,8.018058124740602,105.89339971355572,52.9902839251901,69.36857813089921,0
82.47640547888422,4.621976009667776,95.39848530913969,30.32602691572046,67.03849385353051,0
59.181923671528594,0.8475274452753694,93.56445804601837,36.690378472480475,62.67272876133845,0
61.986822287150886,2.3957236576208087,75.38042982165294,48.67959995143653,23.41409887792516,0
59.189776503049174,1.0670946197499318,85.49347998488155,56.99313410691239,69.86612249858571,0
65.64690967979661,4.231202332472353,88.80386456976962,89.84349986386215,44.67357929383059,1
75.51709284813595,3.9807505967039996,79.76850827627018,67.64787048865404,63.45163649719636,0
76.19350274250216,3.3568337437809763,107.91863140037796,41.582586816583714,36.43947466815338,0
74.21019343462844,7.8196670023209265,121.53930164176617,44.89635126344592,33.03881530714791,1
60.69787292886107,5.18816917333844,83.6548762180753,82.74547629815177,83.62221978929918,1
53.519172506938844,5.506977050603402,105.10194584340347,78.27898627532547,36.68827093059017,0
72.43482868312306,2.5240677217042142,81.38599948846522,58.50669838403566,70.33770622482795,0
68.22579173089332,2.401539195604178,94.51140092309508,50.034523620301016,53.894725142984335,0
75.6750861737329,4.266249898374519,87.57406757480004,78.24879104268356,45.278079066237254,0
77.61562900977016,4.511412851374007,110.83412167491595,40.12011171895564,51.28273785071669,0
73.10593145646945,0.8586391791939776,87.7818128708408,65.05654716503541,31.18248805549902,0
78.08106468300683,3.8754473588708387,118.20988744671965,98.90786183607996,51.77992992625231,0
73.83369099292055,4.2253297491723085,95.57702607408042,61.696402280526236,34.67615497766465,0
76.24051764481173,3.8127315016119683,88.30713322729305,44.03902937329112,45.67289929097623,0
66.36261389704094,2.7358972577759824,77.44050527778707,65.38663664808769,66.80479302351321,0
70.56310868934833,3.228836672541948,104.5576811853163,49.53984305772374,56.06705082492252,0
73.57420877325566,3.881653451568967,116.11393124007125,32.90591481243854,28.285272017911655,0
78.56422780333935,4.363440042498087,104.91978261766374,70.61864848369792,65.62381003062191,0
68.85007062220342,5.288624848591023,140.29896999545963,78.121019209895,51.88640380945372,1
76.1693380458569,6.145541168911569,125.73617414446753,52.40367990269369,43.32503570545058,0
69.87328966467697,3.6701740976509507,94.46450023509372,51.20975786626708,63.94682086254289,0
71.05966266137496,3.378918846992356,94.27550619147276,40.69182295980707,49.32469060836796,0
78.63615233619258,4.987780212361751,108.45454095073636,55.3011591915838,33.3494185615086,0
56.05551703156675,5.299520849539538,84.91565475233767,47.87736910738256,81.56495538319368,1
61.628221375401914,3.4184392201340064,120.99318951758477,39.801411639341396,51.72340091374419,0
60.14251682045743,5.62270825853911,106.5088093931845,92.0590389471929,50.69783672828453,0
53.33107104121356,5.9632536140807515,104.6162603954536,66.39687070149114,45.51831725231056,0
66.57388447875859,6.525035638185612,112.36516601987469,68.30311194452834,70.87945183132143,0
77.99547119782193,7.400977632095681,131.01093790064306,73.90119224078369,43.60194386972736,0
69.72092746893941,2.64045095041301,103.07719633937509,71.87865190167649,27.280322259014326,0
73.58232065553482,4.225016776798521,97.96527332431508,50.56402084965913,41.141157409664345,0
80.71373997368634,4.2202998539135885,127.15695321980641,62.905947213486414,73.22839360727667,0
82.62148905814153,4.023467576641487,117.41590748784043,53.15745128330811,65.31411458331388,0
71.44689652219088,3.0313267447017553,94.222362873093,65.89234524597988,47.91974955744222,0
82.82868711655517,1.5259883941840715,100.09335607586236,64.15043594724696,73.97208226624758,0
72.73701326747288,4.366823002852207,103.51685648689838,51.112115304444366,63.96707566115012,0
65.3008142093803,2.8169598128137574,106.51263300288969,34.07262298740761,47.734570181846294,0
67.24479718241012,4.354788265345725,75.58120268309595,60.632267025379136,49.34544231838272,0
60.15570789947987,2.7707216249420643,72.23527705957191,54.32314921946862,57.269083711126946,0
64.89492917013078,2.2206149774801855,84.02697960395584,23.973299541242348,38.689808805378945,0
69.13586649540457,4.621737048678416,82.63470802579585,67.13791183999692,52.07208104814961,0
78.42868015502881,4.471658748251693,88.41116774849496,75.37615802036996,56.936213833812644,0
85.76615864932788,5.2427075483776795,111.42479155762008,100.0,25.008540182263364,1
60.94254787698368,8.134554779551726,96.95927518615471,50.9584449402281,48.97087483891364,1
75.14261974607935,4.699121156179524,103.5351028901834,48.30318586211678,47.15110103414899,0
63.675648486739725,5.073147180715433,77.9625386192393,38.030421452093655,68.44908831936516,0
75.79757670770562,2.2603896080388144,91.69044034742299,61.75555431676613,22.488048099023455,0
70.9513067944982,1.8835666070345258,110.57063791140713,61.641727250050394,45.895903684740624,0
57.35275339321976,7.049093004192001,110.70914424718244,43.396665973838516,44.29192564216661,0
79.42637593254787,2.537736396120054,86.95767109261766,54.85126212393088,67.3611354227456,0
67.15999429753015,2.320900671356444,102.90992295483197,22.384017995991577,51.30325489016172,0
67.72879809301156,4.129621941810205,139.57926136268196,74.67478146099845,80.7375143304379,1
63.44198070968248,4.0376536559207015,99.68323727339852,44.127773325900996,62.59541411050218,0
66.76573378649955,2.575488288402075,87.52263496943598,57.37618567456637,45.43643209296769,0
75.42312352555933,3.6510482063164202,96.87227699148112,32.31951841663998,55.83453914494334,0
70.48604527250876,6.412876291770188,101.65918793548299,47.517635209691676,46.33489905008867,0
74.62929601825985,2.7492115041027647,97.27896914757011,52.96735923668451,65.75033744784672,0
74.89537483143074,1.691389528140891,99.43561538782296,57.79676475470506,30.684836587343806,0
82.56529324422533,5.896668517619626,74.01795765513688,66.6351852794052,38.820864374858665,0
69.25771079308497,5.086134441488467,82.67265144845288,83.90335150275196,59.29103869687874,0
60.18513746523415,3.0830664828324092,97.31196573271305,71.18879696984841,71.61210317957793,0
80.53777933257587,1.352099370971548,97.02517653959615,75.3189617766324,16.76850246177282,0
69.34809462322197,2.8596779584105865,89.80859305252,84.0298739789765,73.99153945584665,0
80.91673955661902,4.101532013671312,96.81375545062413,68.25474186740855,49.7578379451519,0
75.06701690545977,6.298209761790875,101.0982673974557,57.33927047885808,21.85800060900539,0
70.95089975837324,2.3341524452346176,116.00944221744146,76.164014312591,15.0,0
74.79020715237036,4.047864213279348,98.21418876593108,77.31416714730982,27.529822947067526,0
87.6081004810104,5.415260387810816,107.18385769536856,69.67418508338864,51.684722306473574,1
88.61584423243002,0.5,90.25119457418943,31.81670325335015,50.945631395057845,0
72.55504908106224,6.06081510229002,110.29772302477268,42.85371724429635,62.13120695534896,0
73.2815247465366,2.071588970028413,106.76314535702242,53.05262612745129,43.20820515902459,0
80.60992125973108,4.797591888222483,115.58470605723676,72.03317837324619,34.271351256861266,0
65.23471173786122,4.644029669299339,112.84228832400078,57.61576445672993,45.39061779742571,0
74.66456298094604,6.152255504634921,110.59724121186063,78.46363540211014,52.53776459058523,0
71.79309721636915,5.1916638856083726,98.22848664415996,81.67425931739706,55.69236471928444,0
74.51126569166043,0.5,104.40890608680043,79.58506843618972,39.37336481164151,0
65.33304955240476,2.7873973551192157,119.14316071212747,79.69973016064516,66.42314720536575,0
59.283460053528245,4.448769232835905,88.2626577507497,39.334109716143075,42.057651652415466,0
55.416132512069666,3.8490362049843836,88.68865998345642,66.68743899020396,38.08452220280154,0
63.060927096083134,5.059699313562187,103.26576516310652,47.064477262802505,43.32173584850736,0
68.33059772048533,5.62085980020547,107.47503442477816,28.316806035534427,69.19744281124171,0
69.6544673068099,5.295213125573422,85.16608301324791,52.825519622994946,49.875256752949454,0
87.49784929943614,3.8143051034019626,98.65427385856044,81.84526538129052,40.88778395088365,1
80.84794695925838,0.8765933799831354,98.30802206388188,66.29335618213234,66.8177240071767,0
64.30327106926698,3.380133752061329,60.12495791913753,94.32056868890606,86.28397663917994,1
74.78166761960766,4.94946266665012,96.04730819334233,61.19014261482601,55.35492214894316,0
68.7433741091974,2.2371949454091404,97.16827900872761,100.0,71.74147937384694,1
69.72508929567924,5.336294514218838,97.11472702918566,61.19538205930692,68.57724720919663,0
73.48260519532306,5.835107935081148,125.48645694239083,58.40464533076725,42.30976397346667,0
76.95336893580314,4.428360557332517,78.11563062684024,34.970978417413065,52.42614688761972,0
69.28593212892788,0.5,85.15679371831698,77.99012932526982,31.479285924736203,0
80.51081226187486,1.8994409471187539,52.98047563025199,48.96174767907138,48.72092373821384,0
62.86449419086077,7.595140485400947,91.34350000886546,46.35314249064291,41.980954093988416,1
72.05071249889815,3.2162319725489197,92.87841602573198,81.0621501477263,45.55382468518984,0
92.78138981276666,0.6285421983678074,90.82041082598339,78.84800803832724,40.001679497914616,1
73.7846379410022,6.423445298958491,119.93819211070769,78.37692460979221,47.40645106887092,0
83.46571605284939,4.224040064778611,115.49111540206533,51.48055958701034,60.51572298023863,0
72.73216142538567,6.188892880123906,101.40142103681147,57.08243442450547,50.088129432960066,0
76.64621676263837,4.698525615394858,93.32896503628248,56.922620841474675,22.17002883591383,0
71.54573444485847,5.025406445181904,118.47141402592355,72.08532725210317,40.06207096162422,0
70.63673935068637,4.85341664588613,99.64435852295468,85.96416403289614,27.689610359067963,1
65.76414082619664,5.4554789614578,85.27113929946776,64.62663799357132,55.90496361570828,0
75.44241087166043,8.299374807400977,69.10752380527808,93.54803953643246,60.053077824867,1
65.18770248651386,5.947811404726538,92.05633910987771,74.14949952459511,56.10477154966664,0
77.32468189050743,1.355389227878037,113.58358510910696,53.77361090594047,39.401529707209804,0
80.68229603556728,5.003990727502027,140.9776964117756,72.91680531032155,55.94966286609946,0
74.93225125789785,6.254665382585792,101.10898623141057,88.70692501675792,44.478171907698,1
69.71001013155447,6.364861451765063,86.22360072783452,93.96920170014403,33.78839280399596,1
75.63172463446956,3.432111030493621,78.67062625088414,79.36404420278345,63.87087871534288,0
69.5306155556287,6.29690000133863,109.93518813350077,58.462140165843984,65.08844405958035,0
79.48437700372119,5.86993631919217,68.23691105708318,54.099521426993434,67.18232769733609,0
57.348751326279015,8.830531386545514,109.90621182528798,68.36925106410504,42.2664223994807,1
69.31514105505083,2.849996874752679,114.71880891273241,88.13154091487883,70.86979700308926,1
56.073504039008014,3.2866789624792347,107.85303015819156,65.80784419986013,44.10268397875092,0
60.03951335818236,3.6489857127720833,96.04608990510597,66.1815736936386,62.45602114461621,0
82.91089783851127,3.317600129930205,110.16893176384266,58.92516137770766,43.82539741173319,0
79.16147985577349,2.5979626504255147,103.0768906803094,52.097960872638176,48.41628538006766,0
66.24415813372168,0.5,85.99377084650935,55.08157888040948,15.0,0
59.97997235167283,3.4175409472983587,133.30742180275047,60.43766773441954,47.16938856932935,1
48.28376929726679,4.8648445074598285,93.66977116701071,88.9257999323168,53.45743946856044,1
67.65203593653892,3.312200678089361,113.96354140809837,53.68515198644557,45.43920612217858,0
91.36332009797923,7.683686130352397,56.46494291147714,58.94701736640485,80.09900908936223,1
75.47907417170919,4.2240764628885525,122.97647589005672,42.423202112682844,33.40054263479558,0
67.52342171160409,6.523852299331445,126.43774740378248,70.8993591965168,42.982700206337185,0
75.72064167600244,4.670556742913943,100.53700816827948,82.60022521692909,37.52203824022635,0
59.51233317604446,5.687533157807865,110.05787862527966,87.2409612272216,42.97956833607246,1
69.62141309841891,4.702634797080412,110.05327326893612,61.660561444522784,68.50260900705128,0
72.79581978412591,6.663812337426413,88.42989574646697,68.33837709902625,75.64850870923142,0
71.31119478543161,4.300690830238321,109.84820149790812,55.23609420093931,40.78731822529693,0
78.32644897352064,5.093017274559815,85.444651542294,67.50433623450141,40.43187931642875,0
74.75716180988842,4.859399280570079,89.04237537438414,63.65137274498586,33.485941622497364,0
77.34660814486398,3.6810861753708264,120.28497657782137,59.04875897052677,72.90056618430886,0
66.49302174215393,4.928968174064418,117.54383843260365,60.47956646098833,69.93607051066084,0
79.18252326728438,8.221895243155828,87.28524096191573,66.13460110108568,50.304291200179414,1
85.03149558099193,3.7132855042282045,86.79562581698127,52.70525617277984,29.66241285908992,1
64.2388038427887,4.955036807135847,88.3792611557619,53.6350577425954,31.093398952699967,0
64.89843475428353,6.464002111564998,113.18751219637883,88.73251624608795,54.73007120615349,1
82.68627469056186,6.252455905699705,82.00027394541286,100.0,60.78940669514398,1
70.46924810643952,4.221089551894858,106.42082750264714,36.321394926387214,18.941683119661626,0
83.23057113653246,0.5,113.4432425914173,35.32951832123094,46.85904143139388,0
68.45971430486253,5.1300650735672395,98.4115818947242,40.7712490994533,77.89273423291814,0
83.64036461016569,0.5,118.1811465435687,56.14080852930601,48.51985269391543,0
73.05188653444361,6.845887015694216,94.52241694918374,74.12404919867063,75.83420945264999,0
74.06583058658155,4.5050529681478695,96.15059918210954,68.6425529568689,62.38473806329094,0
84.51774417335923,5.99941323576958,82.40956783962659,61.09656046204843,34.65152638663427,0
69.10583618044663,2.5761999512741083,118.30919225716369,67.52083984524218,47.3172593063703,0
64.47102323260033,1.4054865480599021,86.20263195438034,45.542449180689346,49.94089218328475,0
68.41148633577316,4.669357891454101,106.29589271887107,53.60579010845286,36.75981491050389,0
75.61867160514511,4.139513808078944,98.71631079173318,57.63829812923566,36.48211163502494,0
59.47392742255589,3.3152265129171017,81.04990486399006,29.484105900306652,76.10829747389697,0
77.09976722120898,4.352390305318975,89.03614341118023,37.09641631499327,36.362230084912774,0
67.68982945905806,9.181384605658067,124.89170030273321,37.81181089700214,69.25497722253888,1
81.18250128586851,5.702145985264304,103.62983576742064,71.75394802630794,45.016248346159735,0
52.845917560796224,6.089097490553974,81.83529385539684,62.416389074303495,51.58977072186924,0
65.70747379916665,5.71908640479604,105.49590917227646,68.99910160133098,60.98951069181716,0
58.50825479012718,6.863031858933947,97.36994743129819,24.88621018355564,42.42306123352514,0
65.39016426908837,3.8578709887786595,162.17283524039527,31.295799651071142,61.086469015912535,1
73.98132720887155,0.5014296461844712,105.1322291441609,69.93787792461691,19.257124807225885,0
70.56618699640197,3.8605449605891824,93.14875275280544,20.0,59.03531821463419,0
69.97297944841588,5.661124277993704,125.56050252016787,80.04332843679649,15.0,0
70.72652102895951,2.4543592887928676,66.86134898872878,25.18029141658978,48.37045237282468,0
73.62710592495955,3.8825412891192057,101.69776281485976,73.18020805464961,65.66788776509586,0
63.931711664455136,2.9548144625958366,135.8997129042593,42.00547675437467,61.95672489693401,1
77.65479712719241,6.903652653317635,97.90841288152443,76.88026687308849,31.225432336608943,0
77.30132776308388,5.549022627731815,68.80058119633458,100.0,33.285369662503726,1
75.0803035012488,5.372773117159126,92.87347664060924,20.0,40.98124735483784,0
76.4522675420101,5.318882363617749,126.18132473726266,70.51678866149167,54.97945379773016,0
74.37134400646927,4.1329513454061715,106.76925273377388,25.453071155312685,19.489068959300745,0
88.28058642184854,4.555601308549506,84.90059002877467,65.68184059991508,51.78842278642307,1
71.30324663157992,2.0666677550418284,87.66562947077757,54.27810105606591,56.982869980801034,0
69.54333425332338,0.5,89.92539511930336,60.33608180431318,47.47140510606426,0
65.97177935714097,4.4701460346210435,106.50156191297194,41.58964702609174,60.40513548884883,0
63.741898635377304,4.78318246128986,124.08753039289576,72.04973997093701,55.57958653321926,0
62.0442256991914,6.3766762231656795,118.94361423038508,31.929558916533143,43.33353184961767,0
64.88962149415265,7.028404468948262,108.20821927796432,80.34947073217732,21.020970235848157,0
71.43455694678343,7.025997272998104,76.0303943189653,50.63349448101671,54.13460930513317,0
74.67436102798172,2.4035575320710203,76.09721474811806,32.75156780674439,36.75079415632035,0
72.40913646841729,3.5659229370904155,109.59853638184774,86.70886282013257,42.746518002215275,0
65.8757177805623,5.064601732586484,75.7815202372079,56.78783224943524,59.665987487409375,0
79.2014765121597,8.75742841993592,95.93979362076513,92.33744746795648,74.67733413494962,1
77.91530137840758,6.864178566685049,105.47470803135118,79.98441032764016,51.39103802492786,0
70.72281354062386,6.214914891597084,79.5233080834716,43.63337731384417,60.86503738313393,0
66.77667084268231,3.5019816800112773,81.56327798154047,56.47018358313852,28.88833054155375,0
76.3874233666384,2.6102406639207762,98.30582083777927,60.178682913944336,55.928377295920555,0
73.50378869988883,5.620034190089831,109.06570517543297,85.4734575997559,51.041504997165404,1
60.41498192467962,2.218809724378152,119.10733786744763,65.87531884060807,71.6676412900189,0
71.45615795212476,3.7708145682354552,110.92696182586994,61.173267179736264,43.352664383539896,0
74.09628649659504,3.9933996917965393,101.3258187098595,54.40216743223046,48.133798125402066,0
64.80244170809797,7.067241760421055,86.56849443597311,57.0899733546165,68.94103147412471,0
73.51874714269954,3.5615448546725803,80.72367407479865,81.48265754220984,50.52745932168561,0
60.36142011793768,0.5,90.80421241007534,58.06669631435454,34.258537899403706,0
82.68948880009737,5.108000365792443,107.3788405296502,50.89004911663285,92.82613237264196,1
81.98359988047545,2.9417606644129326,106.05922671929217,47.83887101895364,34.742515786612266,0
69.97986132557628,4.276735843987945,62.2017642569478,48.03222723094908,50.96479869520762,0
74.90763470271258,4.043931538484178,85.85781349118494,32.76227207123023,57.54701049640981,0
52.720624273601004,3.7073328075280174,121.6811359289108,44.49324445012338,56.28188014449783,0
62.74921871787734,5.622613047212467,101.4258708604745,84.97156496170581,48.96410073589762,0
69.64976863878296,1.440843218965127,74.49383956414626,54.28121330978506,49.04383407157907,0
63.422935828585125,3.269374395082152,142.40478126876673,70.67941003400978,48.24109013939271,1
77.71517186104526,5.431268243611287,99.47904881833423,20.0,34.14505826253804,0
87.97837224598395,3.0946474043801375,106.91801126764135,68.22960356138583,86.40350743076365,1
62.587082244565586,1.304147923314051,107.19144560881242,55.09565132135595,48.48014531658597,0
65.30029276731845,5.403399617862124,93.38328160911665,49.33407958797084,61.55089588516953,0
73.88358694647944,6.22157033479477,86.90367372721491,61.25727923358037,46.64555427709431,0
84.88892918799696,4.1190086262425885,138.19014973118692,49.075145431383504,46.323781242312265,1
62.22100549968077,0.6704779227548414,118.05770565311951,20.0,44.71290139728559,0
73.99228897845553,5.47074554405787,114.79486961995617,74.60046294109488,27.20246739217199,0
86.57039080650488,1.2122018134445618,110.3732054509278,62.37431610426748,49.43006175806769,1
58.78592681456586,4.7558386983266985,81.94028697348968,52.34903581453867,45.487877530889115,0
61.75144634523335,2.6025651154641123,122.99554345132492,40.60866330269613,70.74439214695643,0
68.6111471483133,2.112289285619463,84.82361215578851,31.54256471007157,32.852798118647755,0
67.83529269715672,3.404561969256558,105.09916236671162,62.030068727225036,42.76564515912232,0
78.50081030202915,3.8700643984309324,70.49098170163776,87.04193728405646,37.62495253193468,0
73.9332777585667,3.0404251493043932,63.264540688344646,61.65699658133869,75.08048630418894,0
57.800303522862976,5.2596659007872715,105.72924164775607,33.11029109032913,38.08946488232526,0
76.12328322320649,3.3970751187740995,85.43621319049166,62.052101086691245,60.996797515618184,0
67.3796889011548,5.96434356900928,64.19498371664909,57.0398266795589,67.52258357449568,0
82.19557773552991,4.706111698158264,109.73097105304736,73.55278526933614,49.66203341735347,0
66.97929970850464,2.9443970281266454,138.1614538789142,68.92119719341107,29.971023984952506,1
66.90707773518211,2.6413082091018856,125.01208465444111,20.0,30.173538259780955,0
76.32905288643624,1.2345066617146103,95.3682780652179,67.81435967971223,65.75622503673728,0
78.1034118586955,4.723319720160281,100.15921552054502,39.93737062892649,31.83049569920228,0
75.58479491148962,3.5617424149475556,115.97871262211044,32.40888265392341,58.2724257769586,0
58.51522146092154,0.5,120.19830435702832,54.60747861327585,53.82958575712954,0
76.30427551942601,3.23571322901508,93.81635706113742,65.3974799625402,58.03411974897644,0
63.725535586604806,2.578138747341087,100.61519888304234,28.466777014837163,59.5453569255342,0
73.8822088927061,7.036219665907189,105.41106652176165,70.68237550703593,37.061267449313576,0
60.61012451680752,1.1349984985920427,109.96977376501897,71.7400992555688,36.39154913576414,0
75.57057718034451,1.6055685604787033,97.6046240437972,58.84557153339096,63.43883414560644,0
65.54720876554101,6.19794535759026,97.8384655887626,42.382774655913124,41.930486230969656,0
61.738922797915826,6.642173683435134,124.83698193557899,40.37119592459274,15.0,0
77.71056109185919,2.8590307102938457,121.77137264397194,76.4667783684441,62.380084766141835,0
73.933156173414,3.0622455189439606,108.5933903218496,30.79799164307371,35.419819390899704,0
67.08818558885682,5.309223713795963,130.94396326041272,77.16046829474521,59.47417404648405,0
83.60943079216851,0.5,93.0439762799245,55.02641513565214,74.28514958907151,0
68.47478062744206,0.849851367889999,129.21352207532885,56.27497900642857,52.268199316191165,0
72.25686139176747,3.694679878468719,109.7652779836399,27.25442130256015,67.9322533066165,0
74.15130758142881,6.989803019032427,158.87847019986262,55.35910065768544,54.46076288857923,0
67.04267252697109,3.4156858412998687,78.53532531791541,69.04453928820476,77.39886925025836,0
75.76909034719944,4.381686225123278,87.59178546008785,33.94461841866434,35.0062862598863,0
67.7323812226822,6.240820690615221,107.53836090760986,66.97544561053321,51.86856031333616,0
68.70689342227033,7.992392519900664,107.15021295362186,59.60222056622241,62.77058568066348,0
82.90114111842672,3.1616727483330376,135.10250171515034,46.412398951018474,48.95341188783927,0
63.67531157990054,4.169693897279833,87.96925570060839,73.38411555684348,70.43550394644271,0
52.69775735256408,7.479699398417116,116.28853333648992,20.0,45.08736736782751,0
84.88749596009515,1.4600413046554288,120.92433408427593,64.24025347738676,85.10993842606221,1
92.39462362085602,6.049645926996879,112.68366097997165,87.14983284531925,85.95516006835592,1
68.75784587640534,2.3670320417497352,82.70206584536224,83.9189765038119,56.51315193963679,0
56.50529567503852,4.384450260785682,125.33965849457556,65.0165209696934,60.84161888567387,0
69.51612819043245,3.7632857146795065,122.12784876367745,52.569746029644776,71.06674296999421,0
69.71021640127465,2.4755791187377874,110.79252135622679,46.55555398214264,33.00484161652213,0
70.48060927182195,2.430416530215105,103.67825836976118,52.547335709698444,31.00799976675535,0
63.09289566462522,4.697545855656759,104.06994418079869,67.78853046252232,72.10270262172216,0
76.63648913981181,5.991970790692828,98.5827557396912,43.46961150173051,56.38381556596799,0
76.19605900228869,3.9664748342606946,111.53413241654755,71.63362872490686,48.37591606432337,0
60.04475504144555,4.32620368571979,100.5604273530096,96.39688932405983,52.17797284609858,1
77.5935738535591,5.228113319323885,84.72655044365246,56.88610176770689,15.0,0
88.42147985556713,2.4510862085766725,81.12535039310335,33.8008935409005,48.95100296868798,1
73.37568265949648,5.531446515143262,86.46334743425874,33.79459456630457,39.951252172908426,0
69.30139870345195,5.674817574707545,103.99838036589013,71.97817993080835,66.68914613784132,0
70.86397428473983,8.886527337750739,99.51479494416627,56.924568778712015,67.9204924541441,1
76.9220541357485,3.523012456992752,103.87618827919749,73.78295612915295,61.22688374607857,0
58.15462715594225,3.3754527569973707,109.01463640383,48.39458351513171,58.327338380786266,0
73.31512562381842,5.584138568832742,88.70822333349618,72.95122385571696,28.042452020475714,0
68.87628840429753,5.674387504041849,126.38188303021626,55.15061487790494,61.450289279949985,0
86.78260010364836,3.2368431239219184,95.18120511314547,44.814927004168915,62.070367128374144,1
70.60661812956033,3.474307181525912,92.19831427393284,50.78202738155708,71.92308246029968,0
85.34310088895616,5.174035508792473,108.68295227198415,36.45302160238174,85.89135699888315,1
63.17007441774394,2.71034836667761,66.94281635724869,93.80847205446901,24.919029222854263,1
76.69807333442233,3.4610388215729735,85.77037990498745,56.265127355947236,45.78437079010859,0
74.55520211032983,4.361266981263182,117.65931037645299,69.60125359627952,40.123733805477684,0
65.04762201708174,5.992689632680065,68.726405276882,48.33635560832561,54.76011501416119,0
73.41916891709552,3.1117224908768266,120.11633554479681,39.065299204363185,52.21442973148862,0
81.7001506946528,0.8837079683447904,127.20045819446443,53.79015080347717,48.254686830717674,0
69.4096663657072,0.7501245584672205,93.34980391917253,77.82146560082558,68.44166978241878,0
58.46429880664189,1.9330564799289598,105.25262981367358,48.6268277548309,34.37737262110746,0
71.85949738818043,1.836298107240113,120.14356752731848,42.33042449087053,35.342056521718305,0
64.7806152416599,3.921700634484164,91.59779461521664,60.798356398644586,35.612395662431325,0
69.26127249068894,2.060015723524311,115.61995936947126,66.9824068129194,46.23475860118421,0
71.34729784251903,2.935041072321833,87.91932168764791,87.5712670393573,32.34255654541046,0
58.35478227187586,2.8066454070323106,91.40315872000278,64.3675086107049,51.22285617921167,0
59.074733285434576,3.407085850473612,85.61194364215048,69.59186821356224,49.352156885906126,0
75.8565346842042,6.580507796741621,106.16764958550647,70.94695426456579,39.41575817601472,0
67.81825043064256,5.39150566097493,120.84344294617989,37.245723125212656,65.98026006489913,0
51.48204526543546,4.229032947496807,96.68596722189105,40.6600227315482,51.04799154741221,0
78.27875229286508,3.3701526949544913,77.11751512157674,38.48986678709829,69.00235782450886,0
74.17895804219391,3.420181218078562,80.51127719883732,34.021376397550384,48.87920238072909,0
66.28900140770813,4.789943645913509,107.10278958466972,72.31827774766727,51.612881788298324,0
61.46535831153407,5.251504332034123,133.19409544109686,63.22090164994759,42.99548152509263,0
78.6864631705147,2.5662884890189193,107.08704998765916,59.43092913564609,51.887255351432245,0
74.79480498048343,4.265665360105617,93.03586208827745,20.0,63.39570089811274,0
91.06081826147259,0.5430847764065514,113.79131140330512,94.99858345513513,45.41865228367523,1
75.3615087897995,4.581084811507075,95.68902455943856,41.903103925235996,60.29459140055463,0
75.10162513009612,5.571868635525635,93.19086608744428,94.93262960690123,38.99604862326814,1
70.66457655913148,3.6958764716144246,82.74773609748526,31.91365334827631,64.14480904835536,0
78.53420693760633,7.46974859305219,125.3520791964344,43.37677914598233,42.72150676300916,0
77.00068160998524,2.6137707946151094,54.294257485078056,20.0,65.62687797166481,0
82.01380006852156,4.5913927475458705,114.36146560502685,64.51824956696855,52.975624678938644,0
67.82941665090172,4.13551545600128,91.65259111964434,38.17737722539782,76.33525973425702,0
68.5167402164483,4.019464198601865,92.61386683387097,38.685997226229624,33.53491637993265,0
68.16717463270416,3.9942200975914544,130.46167281012063,33.294744090860846,28.381171627010108,0
78.32641376943191,4.392789054017049,87.14564034039907,71.99239112928153,42.14052406439093,0
83.98699552237386,5.72632573823466,87.75875522748862,70.80634572821585,29.84622483145099,0
68.32927605480559,6.679925225294539,97.65290369944846,90.61661003941813,29.87624168914756,1
68.60181017765527,4.195949559892517,107.44925294462028,45.65728082068648,61.944812167358016,0
74.51261779095839,5.66756892990894,92.04659591872834,61.93874867884241,51.93313930539747,0
70.03390799989678,2.9368194967197914,71.67053925035407,34.791966446764874,44.32510437273186,0
79.61642922511912,5.5787198149072195,84.41743274412822,51.96929759076428,45.808598443113084,0
53.985781675047626,2.8284152571114176,123.06400941636134,48.660784360938806,42.44419737077857,0
65.38635962466485,6.163187884958639,101.34598220443921,66.36009923491757,78.4059066851047,0
65.74066932830843,8.179153579307831,108.1195711066688,76.30639251552743,40.23190867771142,1
53.43715190091084,3.980249001651495,95.29441827088533,75.839200434967,30.84585763066721,0
64.29089244504956,0.5,88.12904146888116,42.829379100083,64.73680987978125,0
64.67875107323259,3.2134687201593186,130.1962500977574,75.97242228321399,48.54791002643486,1
70.39116276384935,6.417375241720746,96.61254657308055,57.206467532059655,84.62037902108617,0
80.9037271332821,5.195538216645441,92.01934216851171,52.15725587385373,43.580709779293834,0
70.03951479047439,4.648044477615054,119.7305625943961,45.24679323725947,65.53574687610867,0
63.75349023783077,6.015603040718711,86.99751354038706,47.92115570149206,69.31515728958888,0
71.54436367029177,5.07201619064716,89.29490781206806,89.3616492315322,43.65862668476794,1
80.3933889715308,6.391905337412046,100.18444031230416,63.533393796892426,40.11326771345543,0
64.19232947108077,5.854962617964574,100.00486187358723,61.143013255021685,63.861864494894476,0
64.71540092862841,6.939060814926526,104.67300426225786,53.27955654633496,61.19827068662289,0
76.46839167419378,4.845832951031258,137.65004360911877,100.0,29.430238388625174,1
70.22771107415359,5.829466922689119,106.05246843434267,81.49018879923564,33.94502981912447,0
77.17987752567579,3.6471712684455864,57.19502867048559,45.02088193362173,15.0,0
71.89082566563762,3.1173705391937894,105.8733809817681,53.07492901531676,61.52618966366084,0
77.61330918471654,7.272181752754152,100.68183990081278,54.143598219323614,47.81076490982807,0
63.71937508767488,4.589168417380838,100.78210043832624,60.62569560908679,49.405593264395485,0
71.90332279369386,5.6487850185522825,104.42705156913107,45.377932132634164,24.93689443677035,0
70.31447988509474,4.422732025940502,99.48379082185362,65.89869742051054,34.430362350570775,0
62.27287260716695,3.1442718283440643,99.052982325003,84.13758637670766,44.35265739891894,0
59.492176417050494,4.219769206648323,111.03479577587414,34.35469403792506,41.24279039763486,0
77.48599228219729,6.784789231981886,90.24254565049898,37.693358732342794,53.8853772082821,0
69.19238094225618,5.199432133702963,82.94164595849483,49.303146004648475,61.33549002610902,0
63.82175774682136,1.1193483124851737,154.42806614720303,50.137679918059064,88.31380110856315,1
71.23056850461334,3.8125599781629216,87.1145660119378,93.97238574542675,51.67972751950519,1
81.02415085879443,7.408128826868482,101.80257242428138,76.0307659602671,69.84644260955113,0
53.75409723702462,3.8151656486700793,73.07811548424338,74.99780233812875,38.72043556832361,0
60.02689048077339,0.9591383548784749,102.0964314709256,53.24141751675879,25.200858960394307,0
64.61690846483786,7.607487993760579,83.20194008759196,52.846358677837344,46.363173652638004,1
83.68943093376264,5.428306517663027,92.0354870286998,31.869302552222823,26.436452514012135,0
74.26069586335437,4.073976854136959,118.81116398388022,72.07132410486071,52.23477067470565,0
78.13853792368981,3.5314480750522765,108.49617223080533,66.83898288655814,39.512734007861354,0
62.87871264699015,6.148233473625124,110.23137144234674,81.1479525642091,20.73165781192663,0
63.04371299783579,3.2244298795928534,68.11831290894646,54.20506515958899,79.77640233376283,0
75.58250973378168,6.26686156412878,133.06411305692222,55.447975368392854,43.399012590313916,0
72.46619464748358,5.175951514303661,78.54613640304625,61.06081951409144,25.798091152892834,0
76.38991055091302,4.64042746587723,127.51409465728958,74.05415635912772,66.37074864811663,0
70.49863207257238,4.461926649604072,118.38778958766676,31.53611880224538,40.34217019937144,0
74.22514981163701,3.8850575339144795,110.39198935212424,71.24901040729074,69.44265653905059,0
73.26495267924088,6.082152216376679,84.61027394364913,57.631079880889054,40.26569064515121,0
78.2221391126794,2.6423829022166987,102.72861720675141,38.94452917683347,43.34563695579524,0
78.45606625555577,1.2805347717056232,91.52341460839253,20.477096452226803,57.517307351632745,0
59.04102404486584,5.305992221206455,100.52271228709525,55.54347318618964,61.491510091265766,0
54.02185155727315,5.336228990520866,95.50229933645993,84.05883369893326,64.29573979744957,0
80.01396318121206,5.064434074521181,63.30501088169665,88.14432400134511,50.564141780330736,0
81.5018007460955,4.93391106531247,120.19211471772259,64.39677179206174,60.45786754487334,0
63.8350158438933,3.6230273189924143,98.5400711821115,93.31610194916045,63.930057710774726,1
57.12131674763497,5.617468867893946,91.27359280895973,57.22706050677859,55.209106217069596,0
72.79227856805761,4.117995371841826,89.91410980906419,75.15946392957005,49.71747018777126,0
79.44670581080423,3.3231955905326798,106.45227237460183,49.87784399968431,28.875280828301918,0
86.38075617947452,3.63859563794028,83.9123859106995,48.737220892885325,61.58678650847982,1
76.1303805768116,7.837151457796498,59.40683994746722,45.804835896148546,52.67477918625841,1
69.02626642731444,1.077043052318221,107.32833645774897,20.91047895176238,45.38214636238868,0
64.8549550273211,5.099618587732438,109.34385396322278,81.16766067904442,72.44426181746655,0
72.09161033336524,1.1776012302773093,96.40662715580261,46.450616095515706,29.15466187338695,0
69.60588236891795,4.0051799910186485,79.33774824657984,43.574101964406466,78.30458104583818,0
63.87945675416947,3.4194705267224625,101.60083973600713,36.76050973097184,51.64362754184855,0
88.3900452069063,0.5,73.6384173703554,54.32153014234691,57.080290856046375,1
86.28134721657705,4.900267662780774,81.50984925962213,89.74286159007536,45.679294167515664,1
81.08838946844342,3.5159314880540475,86.4874371429251,95.68801931480891,25.326833399626718,1
64.63319681752698,0.5,115.190903276048,28.1043962355625,49.766241624547526,0
78.84015459437823,5.711222563393654,93.4730028921355,51.61993607242692,57.35591851028468,0
77.11701127598322,6.783011120380083,91.93840458802372,39.381560138313425,62.819607142441505,0
75.54036499363242,6.88222381613383,135.18446527740244,75.79007934180736,48.83146882497758,1
81.99732213635022,4.846121593172648,106.34432494939685,63.15868385129068,16.91936254072931,0
77.08296914289022,4.282904649438808,106.10190118854686,46.54175210716297,27.333418486677992,0
77.92011389043468,6.590681917612434,93.34538658624206,59.306315450638344,84.8323139802127,0
77.09525026697769,7.2282904536121775,89.265309982538,49.40646481466125,34.51942425964615,0
74.72633126401685,6.240423665176126,60.64468407969129,87.05642969874813,74.83279133182734,1
57.731110962286536,2.5052323159863583,117.43732957462404,67.84527127028869,37.05461220131847,0
72.66896861928446,4.562420735786859,108.06957470361482,70.05682157649588,49.080705444354116,0
67.550464329207,4.991129059724572,96.77501212215856,20.0,62.003332153598464,0
61.761272338879834,0.9426894559489876,97.5299193669474,56.797803781081406,38.876888854706024,0
85.45453295440659,5.044849187317394,113.250596720699,95.49779726306261,77.47544217214487,1
85.83196272708562,8.2913852867629,72.01521868456264,81.87032326066031,53.21165372909458,1
82.87376480236489,5.351885098441425,89.3821360320315,24.752387453434544,59.373613540794715,0
74.04170733484699,6.852143546595162,79.54654846793446,52.3583350116953,47.71828787169399,0
82.80500096762125,4.529246514231669,131.88716708476144,36.37264961346301,62.53952459227345,0
72.0964254448146,4.068207016829121,115.76179957335941,88.79982808653166,77.2606838375978,0
73.62237821518224,4.8862885021457565,60.351532459563444,62.397009080966356,49.89942499802857,0
63.252229036304136,2.7315120336280216,72.75229072048043,44.179679924834154,79.67540465198778,0
75.17593043599072,2.465204662978101,97.61777787956525,58.6148429837342,42.214467065934116,0
72.48308742739533,6.479348202904859,91.49607618269636,20.0,64.22553662962736,0
61.57878306532429,6.670216217159734,76.16112025461601,38.47069653778162,59.8258293798888,0
71.59042310546722,2.4160086319427694,135.0057202777088,58.65598706487357,34.902686837082086,1
71.36216348914553,5.942397848196956,105.62571845168642,73.2221566321598,55.42095527419731,0
86.38048933315712,4.043472043909163,108.54669381153565,23.056345829247867,52.11785500560597,1
79.15370662810727,4.811655434082775,87.54373091382016,51.13920446135627,38.34892517957048,0
72.09156351273172,5.028393550983115,113.00093464920404,76.1743432933388,57.72803894710602,0
73.99029847840866,5.989830842623773,93.1522103023238,31.8738401612811,54.34063273773628,0
72.35369902483359,4.34889276335374,94.89982287326501,62.125291026115114,50.838608843084536,0
70.37668812163562,6.738291591543485,110.99803527685468,59.18754105590806,50.902760495061045,0
63.3405824208937,4.756943111567865,70.67804382891461,88.85884576641884,50.55983585722209,1
70.79158497914456,5.323531690445159,128.74650147731768,53.85754852399052,46.116806060058764,0
66.0312139467799,2.7001273352329562,103.28300586502976,54.911189229248734,54.23734552023971,0
61.99747568861483,8.085586219268702,123.05699575804763,73.38927555696439,41.69737260217951,1
76.08977451638027,5.045684861768939,80.64244438086126,34.1257239751118,94.50895186352,1
75.13011727946588,5.483395365621179,83.38302776749252,54.02410228208454,29.450668072554947,0
57.70633990905537,1.3052655398192257,79.08579601120339,49.796949804870806,42.64422276424865,0
71.01852290003899,2.719136358457618,104.5053581079671,55.499587371308195,43.90812632676895,0
79.96561108719939,6.4281906382537155,101.18769943452843,73.27131608133108,84.64789462919259,1
80.47378991117057,4.716404012926689,91.64058725383875,67.97490673147911,30.87784560036001,0
80.20669474308191,0.7551964773079334,81.74675452806497,44.52371844648383,58.81475676777776,0
72.31130565521168,6.068921872170875,77.20126714484483,60.46058565988982,55.97430504074464,0
65.23963737624679,3.221190952165098,99.1272897915282,84.82794905380943,57.33763687479277,0
63.33040938113552,6.7403705745780815,91.61943796740519,43.0354174216485,71.78149060177505,0
74.75683923800285,4.041895778513341,87.65907413755127,60.613002047146225,71.45326975595341,0
75.0342402749213,4.5684720348369545,127.84761075036897,54.52310781510469,44.78469077567812,0
82.29864889284052,6.322118241464967,98.5181377925308,56.86590971493801,55.104279191903856,0
80.79983720273667,2.584512652461608,122.86077281068465,28.648162799510786,22.174367485565696,0
70.94217074775062,2.4128757458989085,90.40146071171147,83.39373137761967,53.58548813635087,0
62.046352969113045,3.846302843283407,104.40597310837582,44.0616657840127,39.296169154689295,0
69.44714722391282,5.6889110393182,99.00143170738598,76.4692954627636,49.01788118463173,0
73.7378495584842,1.8044209452957167,69.4427984286738,46.815221055144804,25.034050162932882,0
70.38333403688476,1.1975377201996262,125.71008951275043,46.740916265876315,58.477956587505204,0
67.37684713537875,5.682697668678826,97.56723507341651,79.83621850837841,24.854900870790274,0
74.0230785197592,3.1146390373793933,113.43552795339329,75.88992286260265,54.372553708665386,0
67.96833806871511,3.4939931767434906,86.46348299569193,61.755986181351695,32.375910511639205,0
66.97547133019701,0.8577412765077015,97.03280113156424,71.70070989651376,38.40574343782585,0
74.49162267442752,2.977837234166432,84.39665752137961,52.8060499553848,70.4757136407226,0
68.78405935896636,4.186378866063929,122.24797268974109,57.84938270105998,61.406687134617954,0
73.95283511182681,5.874680143721206,105.60536825411216,46.090760935651254,70.3872502027287,0
74.18563218281699,2.8117857007776506,106.60696348025598,74.27316908740468,76.95563412002065,0
62.8845679912674,7.183277016418494,124.44731464788961,45.51856003898766,39.634580685763765,0
68.1500710090767,2.9677991564763593,120.81414334418241,84.73281420888135,75.98354659905395,0
83.5022155193317,2.970434757146686,113.77616565045314,52.31498497024316,28.551909501137576,0
62.7033638981257,6.967243593416044,74.40890775332568,58.369154152294016,63.93760535271845,0
55.066764408235755,4.5806282742550515,87.4777758486997,71.65710437177802,44.106596566400455,0
57.105238774059906,3.2063554877791622,81.93001355179565,58.42955958141248,37.11519771777094,0
72.23287957261336,3.920760363874932,113.09560648526438,52.63765034286442,61.83151787687108,0
72.2473382242616,6.635532439575707,103.07173495150093,57.45957793944751,67.1192244027074,0
71.05911315659904,6.839165075326227,74.97077619464929,74.08873036403651,66.64429418634472,0
81.71351863142802,2.7297722773135393,96.6026041657979,46.0686600015393,55.437758222316674,0
50.61732453517649,4.123619141857605,73.10597795706198,55.727733869081234,54.11131682126783,0
75.16747099544659,4.362282289801632,99.04318321474432,58.18516109207456,60.42986537119844,0
84.49150561442859,2.4247678010701246,70.20329492823068,73.56253351949782,56.860225208275054,0
62.97775388086629,4.099766905230011,109.51889488092303,56.20278327031414,60.66169343337569,0
68.96154790568085,4.2095811488130614,106.80332726861333,90.549383700887,55.263991377771426,1
65.97686466217104,6.252377062086124,134.34307288024388,55.18230560112829,65.48454119210182,1
64.84523163137978,6.373365050960162,115.26171921095217,53.721694508704964,25.964675095193154,0
69.38990395981568,3.607423082953786,92.38754339519495,54.92142181088083,49.89962439861782,0
83.41988226947603,3.814884341050539,114.72526167894074,34.30045428415582,29.858456098470622,0
86.69909340390016,5.395726143700144,74.84205014298679,39.33891675834367,56.42723228167816,1
69.31248619967882,3.1466607919313794,82.67549313374046,48.44799598469632,78.27088281365917,0
87.24048171251576,5.2595522731273245,105.99656557735199,78.44493727930234,44.414643488848505,0
72.284611815877,4.041768322735414,61.15150607053731,57.40373093148382,54.036032484755445,0
86.02952821360864,2.455082560070483,99.3311058711901,49.27640458691728,64.10378743874622,0
71.25361080277207,2.4776939168166363,81.63526074186842,80.07762542091872,18.916433091735605,0
73.04846260836915,6.804705652855984,101.82352699275874,85.92118839206069,43.646232285692996,1
74.92379578114267,3.918441337542063,80.60074555514926,80.59688429633968,57.83225054836561,0
97.43082943494028,7.15263736901696,107.6364664741934,42.644380049767165,15.0,0
78.81028459875832,3.275454730713162,100.34789362601302,49.085524836514196,36.37106411080046,0
66.34188376038828,4.7241693620366885,125.20658650386395,90.64724926566494,69.61372757410064,0
79.75198296220687,8.506818101432835,100.12122161382919,62.3405144560004,68.0479504072116,1
69.10533970332527,2.2967038596060974,86.16442951069361,53.18271283187059,57.989091637921604,0
68.08199853679032,0.7839339001804024,95.5560545951089,70.93026330395507,66.11516223909084,0
79.2688108791369,6.5158622363170196,75.80374485369883,76.13138321244602,55.44166775074342,0
72.24868470216923,2.7117436102924675,107.31047058469792,47.71390772329124,60.88631851907704,0
74.22860731609445,4.162728544608779,110.6173044336749,61.94991925515877,46.94954065855018,0
72.11188177492234,3.1453472211871474,144.44552866047073,74.67808124590705,53.85300292675348,0
74.69266501284348,4.682693005719569,88.80695216912072,37.11483137272265,41.88207381734684,0
75.39972717948919,2.489034827065664,95.1796976738467,58.22221823367052,72.21573350691702,0
56.50426453835668,3.8761078418100494,89.63634656011212,37.940986245087124,76.34495055203523,0
77.33258134887627,5.009667587801761,103.81804662036204,40.295551055317404,74.07860481115317,0
64.14384464135759,2.3850440047063284,106.87042962063305,47.864198605354524,45.4702598131542,0
60.46160691552471,2.9398487466374004,99.0392528002868,66.58815168183047,36.7396153701586,0
71.53271004913054,3.574710899522643,119.55386650371457,52.20359268451358,72.4315785720026,0
72.67184802651563,1.6281322183926994,88.89436893241401,46.32847375056869,60.702515241462606,0
66.45195068342176,3.439390230962257,117.75113286203282,58.92798213984926,57.25734946437828,0
78.6482548613438,4.413833771825224,109.69296136553949,37.354670891204265,41.86188664087767,0
61.26259866903274,3.480811905140829,99.78346144181896,65.71845792101038,58.81062100218824,0
68.74445000981953,3.711522312722896,94.33114046637138,78.36496171524958,34.635551045409045,0
67.32100692053599,4.164176992368146,143.68001965716465,56.57432726221579,62.144997697264515,1
71.62730183728529,3.0196617676218347,85.29384428664257,54.35231812059625,74.06218719369937,0
74.23091427717792,5.443912618560379,105.36279718543146,64.72192635788025,78.09672870252723,0
63.936856403011646,6.784760624643196,86.49605673564162,21.487550461032193,63.336384865757054,0
77.79426141964983,3.364115294048193,132.1411734751835,67.66271421876161,29.887655206062053,1
72.5040189466776,5.073356816659873,115.96287391838567,100.0,55.157282095136345,0
56.86442997350471,3.7686891202176356,87.78970218085941,55.79182801993503,86.2349079049234,0
56.33126847682375,4.857877221069309,109.2267098817621,55.855749393106045,38.102214552923456,0
71.90144565656551,7.018403156165858,104.638522982978,71.3849260017943,51.053094833436525,0
70.23226145770917,5.1155871774325785,90.7007542844547,87.61598802756332,74.61638962881564,1
71.17263909140293,1.007853830142575,113.64695591010712,75.54942119981443,61.87414275317737,0
71.77614034775826,5.0171921366045265,107.00749703987938,20.0,91.68250119176167,1
73.80447871608145,6.419154737956217,103.88257684994714,68.14117907792945,40.274089868342585,0
79.5811968787864,3.8011268940034153,99.24544519763808,100.0,36.16390742814685,1
63.11116079265953,5.992142651012099,107.75898086679372,69.20393884167038,71.58600697336279,0
62.624227256793645,2.9577920259264974,104.12897790686426,37.21716556110851,32.86594194765543,0
63.25340913690094,1.5260295128599073,101.06367999445031,63.072933239535054,48.85171217891942,0
74.31133333734965,4.454104233898753,88.46171351222385,34.94762947586079,50.94965528224677,0
81.95957902917156,1.0383419026566347,130.48779233372485,80.19046640683948,68.57583157417476,1
68.54928449408392,3.768412176791535,81.09244101972615,40.79411341549734,61.82828748840395,0
51.986401246722764,6.516316072761906,107.69745193983542,59.33638542445642,59.3130386268298,0
58.368057099116996,0.7624267696566944,94.2356666385742,42.55995996414674,45.56110595357333,0
65.33570621763191,1.8969057673549838,131.6718508500874,48.16393496413616,71.4400643053111,0
67.53816890003829,2.3423419587091603,83.73731432997087,84.7507116254889,110.0,0
68.73289098196219,4.086024252520272,86.76526128831402,59.862228968086555,63.06051358276665,0
72.30864898384733,3.5417097858368236,82.54327486128714,47.93435547293704,53.594755320749385,0
69.50602935342042,6.718445487052957,105.82237091711099,37.38589652403899,31.23419246412543,0
80.39471688434726,5.917826992365056,75.28508812776445,24.309373244810146,41.800296810925545,0
66.59186155454906,5.091491302923476,91.3864870943602,35.47694859659164,48.580636256843135,0
65.10145632419565,4.462134565818993,61.25741518862287,60.0152663459988,43.44639615572588,0
75.8310043081637,4.907813598572689,104.32758437430563,75.64420783700794,51.74275464757043,0
59.714863440591046,2.6484317604359253,90.99613254238727,47.91367313640038,80.4482572289166,1
75.11753364256002,5.742978636401903,73.21497860922665,86.26978481294226,71.95467067790774,1
72.82042546981013,2.1983203421534383,119.54096925353306,45.08499239989192,49.45867653650793,0
70.82046008065466,5.703678589024015,76.4619958290711,53.715788988162174,32.667520885346235,0
84.7062088571941,6.335056503813896,114.34498642050788,38.56761903392946,73.3978822864386,0
67.02234043764226,4.579556283758557,87.38126516821953,75.83371122222141,51.21513162461817,0
88.48238536419262,3.8828164938684435,128.82828480211765,95.75519105280222,24.37599319036232,1
70.19654840617521,4.920557834957412,113.49190970067063,26.28729470314844,63.39888189588858,0
61.78386844023817,0.5,81.8551383242675,51.76908276457543,68.41098694773544,0
72.55935664795861,4.7440647932738305,83.49251406021449,80.76603724690062,15.0,0
63.39003839744986,3.9959628038883475,110.89945369403758,31.954980614339178,38.80712572587355,0
65.985953217492,4.108869396497417,95.277193647217,68.20031032547955,50.232735819076574,0
75.17626640012394,5.4717585232160895,96.95183487361543,79.98649960373626,63.752174580937876,0
76.444656709201,4.06541594118349,122.90029951189777,59.40811865842307,43.74805464601326,0
67.02265839796594,2.1476276580279157,86.52360027934078,67.9047352769224,38.68572956841702,0
79.8992411603712,3.9454751925143197,101.64328789915818,89.69624295029693,63.63470799488452,1
81.26006206416908,4.321599871345485,117.18330028574151,93.07167797382064,44.50684202697345,0
83.49041405250632,4.406881040845823,114.5641147909408,56.88459016537931,60.67287440877915,0
76.23530725700577,4.491454861113123,97.1269719846279,48.4171987126138,34.21574952040655,0
82.9074296966856,6.070864280853396,94.79969414465215,41.44035800067346,30.362671692217624,0
56.95361257620754,2.2451378045385346,68.70132167462323,75.58535470771682,64.08430652112635,0
69.4567476109723,4.51626082109673,80.98759013202647,33.30803995976257,56.040318565075424,0
65.06395794941258,6.521873457512834,105.7304660783452,53.45366731615836,66.75929173177931,0
72.95380688901913,1.0776993055130486,97.51812059903975,59.848415877180386,43.47851198525693,0
67.4284062464261,4.5233640254040965,101.34868741419207,48.94595477106242,39.27831516032408,0
70.67073726440213,3.146318696448522,118.7065649734131,63.03676477034423,73.77150220065457,0
87.0573990416324,3.532721307948411,78.62818403687906,100.0,27.632659776088477,1
70.64224162863697,2.5713464942140405,95.7487545598123,55.811225373762234,72.02337134689,0
75.31033853752172,3.8948087117392007,103.39679734140192,50.16269870630698,73.12807531971814,0
70.14184536060611,7.514260105968428,87.3251211236587,76.27597283887334,65.7614322282572,1
72.60570630365467,1.9240253498810156,125.76658805069351,62.312505594619395,40.99507972783283,0
72.04813344348857,2.0947019955381108,116.35456242903666,83.90804388180477,38.93561861239425,0
75.58659252778527,1.8565177737056917,105.2223998875976,60.964377156754935,48.63910763202881,0
81.32246028437741,7.309352915930582,132.29617202791457,53.528382256521404,31.27936517069761,1
85.17915198082663,3.3677885300616834,73.01988496701745,25.892952014298004,36.612896019942454,0
74.47696065527333,4.1538496913741865,99.86092694009773,28.84477551138868,62.315748664144735,0
76.71637508828482,3.474990706008769,106.5940654408131,24.957423572312152,62.389585827586515,0
62.793083926515465,2.500038818874436,83.53800915770941,64.82810499311631,35.2068027754407,0
71.29698606067504,3.7767288360940166,105.41286175271911,33.47950936238573,62.81795096480119,0
79.52231571906871,8.624838490325807,80.08151511181819,80.60039258654889,59.2688528918369,1
78.92774910733722,6.705727657753659,112.43003172893656,58.544438167407165,76.15818007323365,0
73.6928778623604,2.6647119279739098,119.04102582632032,53.60463545616996,61.106183069880345,0
79.09115167654362,5.3656333855110345,104.90200122030991,42.81060864632191,68.93729685975005,0
75.92613367195055,2.7032590092005226,66.64963932883097,69.20065746886371,59.63324145488338,0
81.60245006607457,1.0025382500768028,82.59771661901138,43.519039248236595,67.678865755155,0
74.31487325565689,6.035119651796333,110.1647800578369,40.26319592674214,31.4061254949156,0
69.15441347543172,6.288167123958392,100.38157558322258,79.39029857089628,50.05208868622539,0
74.6867300554642,6.082894051886219,51.50795288153522,64.38318089395041,51.37627570835952,0
48.555244993177794,3.354242551404769,122.37094690962833,53.7712702915311,48.10000084903548,0
75.06308589108039,3.8998036787964248,102.45981711256898,69.54579372520689,59.10218608506761,0
42.81269739828173,5.549577996584622,85.25665604799919,58.160773715992576,62.150074471932015,0
58.21229274075665,4.9046928672265935,117.90920075619995,64.89423670813031,58.276113233138375,0
75.61414880752787,3.4914525516653203,87.80427976767582,43.29673775724181,49.168897900458596,0
75.82023469813436,1.285670723787304,87.60786188312414,95.2671749603912,40.228318722478,1
62.700569758880555,4.404975349455622,106.45034771825266,47.56684058182795,69.55497718649974,0
66.30318366496849,6.142217350625004,132.0586922663613,86.00829388509959,57.59572506582136,1
82.96432790891305,2.0443410797385173,129.22456920351195,54.600360712519425,35.70217826560946,0
68.12775894741858,5.3497668870167585,106.47480698027393,72.52774808178933,48.90099933360602,0
89.94336249922388,4.796775051240647,108.32294185930576,71.21602298247045,24.10720515668222,1
71.98464117458923,5.550266873818201,114.24698077752686,78.64333159270082,52.56592982955909,0
75.26428941505013,5.769555899494213,77.37429384335172,42.86877327104539,48.82592091842246,0
84.93499518798886,2.949962564534365,111.59467006873568,77.36143722301952,42.8085287943146,0
73.04821692954735,1.289473079703097,86.7866775734165,91.23591731640593,77.35360303685647,1
63.98124815447359,3.2396648537708175,105.73260520233845,53.34352637364657,33.501534087326206,0
71.12218038644568,5.800429171548613,95.90558270306792,58.6247092085582,63.302287226917365,0
71.71511411047928,3.224392973653252,109.02174988805587,48.57796043535723,86.98733057490998,1
61.08206678238748,2.9507220170562447,102.12586237011628,51.7641474606682,69.23628645946701,0
69.95334342927342,0.9215693845356512,44.685455125216606,88.80561038078483,51.49537948643573,1
66.0624632480205,7.35476559819169,103.22005081069325,39.923778529656325,33.85490176922676,0
79.39486205749947,5.6862845545655585,111.55875314138673,41.04186120668611,30.207005174648714,0
72.27689499348205,5.585812766294576,108.02671027009217,86.99621685545878,45.41517288067965,1
69.73763400681943,5.941905696203053,98.15345296824556,69.24187166599052,41.00798825737747,0
71.1505445550194,5.238075050778123,129.55891045474732,96.16666448276544,40.487249456669886,1
73.78497614724932,3.760208060676848,105.6047163241899,49.89210451913464,46.778984712460094,0
76.93451359751823,3.905224612580037,107.8781194034759,60.27306047027625,50.36404651382901,0
64.00230217064495,3.4303841437341753,118.80085409291024,46.10781501210752,59.76339116232474,0
63.66729893902983,8.942533357947,106.52667399453878,60.57942103565853,32.195260488601136,1
80.83743372322024,5.2006416563389966,83.83568043854433,26.066259448882533,41.0840992618712,0
68.70130502236215,3.365159205567418,56.1099265519668,70.32918201979015,49.4452466748403,0
60.66526325922501,5.037894193499304,91.41182376367453,63.822533502862086,48.872236905227695,0
75.55050167506484,2.3804359478586283,113.6970194658601,56.96401607561346,81.38277931861477,1
75.70695844826149,6.908112093460609,93.6442660344795,50.97344215720604,55.71594548358172,0
59.75427794194635,3.010075627547148,114.42121070107113,41.894428227374206,26.182563008649208,0
73.83585372370885,5.101953778720438,102.67710716656491,71.0988324165897,58.690901785388235,0
77.884664739427,6.118759733537642,123.18518926471933,36.92038025733868,60.73061956390366,0
74.9950916136501,4.892583379568987,94.6860992718281,67.21412641688637,49.99795154808419,0
77.05585187009116,4.370045985275349,108.41706687821838,95.34012510657024,32.58565320945278,1
60.76584721527401,4.219443752740827,109.10593116163646,84.73938679559737,80.12887512501541,0
74.64832123996956,4.098406025603207,127.02883370736147,30.907697031928244,34.881857382699884,0
69.57904192423642,3.1619427199304964,69.280528485983,48.33871491382055,62.572355302654934,0
68.13767873020284,3.3909298264145327,91.74865105804317,65.58611332999608,55.200808465022966,0
78.96444487535781,6.863262672571683,115.27328989699308,56.7349254037417,61.61296878447632,0
83.83419608539384,4.004634061166718,127.82613663601566,32.81069707091642,79.30972678667729,0
86.35496043680287,2.7855667151110084,104.32128722755745,64.93568712652284,60.986221954256564,0
82.51846297204725,3.270664325649285,94.73132504041324,57.81969588790661,43.06137236730347,0
71.12212654695853,6.180667225255002,113.62813063614,92.45785735486807,69.69587640204738,1
74.82176130421074,5.416091939696061,115.63664815417029,53.44188335288596,41.902408799294086,0
78.13458297427395,5.208592520818063,93.52608978398847,79.02406093587864,54.61692818232429,0
72.96942359439569,3.7364618419623756,105.94553161919583,35.19240874366044,31.310662271747358,0
73.04611350329236,5.232052446311301,121.24949072341545,39.49583263786285,35.46750036261196,0
78.59002505500946,3.0415899750888338,134.02826187894013,70.98991527657083,52.822186726978984,1
71.52573883179254,3.732694743577606,113.36688926623526,77.50715405093274,57.889387337293954,0
66.16570450901071,5.945648077305142,100.79450013998067,40.76693093066093,24.761750036943514,0
68.68421547331313,5.773699822054316,99.02664683131765,58.43339331671041,59.95659788801063,0
77.07128302186995,2.4325622772885547,110.03313802948522,33.1315748764766,38.88913637442724,0
72.02394632959965,2.6600523847645636,97.9178888353699,54.738043126501374,72.47500825073867,0
74.7216798149467,4.3956638750641375,103.413528982403,73.06461014123427,46.36856913880787,0
77.36063393761752,7.307038274405118,80.95822723844425,50.170747015549395,34.022043687200224,0
69.00126829681912,0.7519827039558105,123.34702953684086,53.51737529301155,53.21287292734804,0
78.04998530903845,4.700999291226908,79.47667491132378,37.663682830671064,37.34023998274039,0
75.03074082766716,1.7231220031683332,92.22198831184578,46.32954855475134,72.30312226293,0
62.12149530470817,3.0582042116540182,101.75667869533265,89.64599649185809,52.00848332052959,1
83.53843832948995,3.5440288474843658,135.8377638379955,59.31264805090839,49.5731740305074,0
67.99404204994467,3.4430849818135965,92.39170627265811,39.95846020028923,61.46881630289613,0
58.75923725451853,3.2391673086134247,88.01171534871287,52.33410490147615,35.92084097279531,0
63.63965032330958,4.212972708677467,90.08529548799171,29.246302819001883,31.373541514743774,0
63.83163871457342,3.236539980064959,129.86014901700364,39.74512554147618,58.53362527106619,0
72.41738654926027,1.5675767072625253,49.377754116891616,82.48611530283617,34.405268671859055,0
69.8091959556301,5.603765302540998,81.95071578132544,55.43531636104111,34.39983754000869,0
69.30534425887525,5.555169900867985,149.16319676487194,92.03314316982171,65.3880964995342,1
76.95761572385983,5.717713758040804,110.63587732284947,56.28373890707099,60.401025759743035,0
74.71900288954163,1.4266779067246529,80.09227091189405,57.35238346855307,31.93872732075342,0
74.5283829651543,4.738052674651472,99.24547632085411,69.53609485375821,42.09382331293862,0
75.27862765862955,5.416761940452462,101.2141821892215,20.0,37.54029510485888,0
76.92907734401791,2.343836276808747,115.2302544263009,61.688907825764346,80.42110876864928,1
55.136373265780456,4.216511846727832,133.11103605080615,57.11824321490287,66.49616684112974,0
69.08449398188431,3.9907200384413417,106.99393026302587,84.74870008327265,45.266482463915615,0
54.55831948408421,7.515871185422875,90.2838105457667,75.3642290949451,61.21911502949588,1
72.28847941438237,7.664092866622632,114.16751995776768,37.59354966015759,30.30102102510673,1
71.96293622220524,1.2041584920056385,87.4314514564685,80.35849513529645,41.237661580968116,0
80.36425819831744,8.689068610310382,81.39992507219748,53.27833853954209,53.67781225507018,1
81.50107514176896,2.552593701924017,68.32164030478398,41.719841926671194,59.23569198633461,0
73.62220038601893,5.965211929789366,71.82768889899279,61.54785851568164,50.44065399178489,0
67.9971113808248,5.946896365554716,83.86398718976311,54.35015159805127,55.96821617142761,0
75.8812889003659,2.407757591684748,78.79978418138433,85.69237565251343,53.25338335925002,0
67.7766589014055,5.0878820289103786,105.63825749274491,64.13119651284178,49.38276156764292,0
71.98885878845321,4.006439260321085,78.41076713516736,61.7018605759481,47.2616705249457,0
79.88909053568614,5.197794008338303,43.41400656355461,74.21164749139791,45.179762037155456,0
67.53782923208462,4.615210144285126,81.20958805738962,77.67168912566882,55.71100013805741,0
78.44542911394001,6.353411073666445,91.50652634101445,72.10489169735139,58.5730494271913,0
77.41921094953842,4.335719177662912,89.10190921830463,83.55034251066917,55.17374667710134,0
64.36166546295343,3.89782667503264,127.35144422756531,68.95628343244819,33.142447199983046,0
79.7911530257392,6.172915619502925,88.9562339327953,61.017726365080634,36.017154381709,0
77.58853076297204,5.244712736745486,115.85662233758556,80.30509711758452,58.382108895169075,0
72.81540709898125,5.5172641097775985,99.65831320574449,56.3638694785215,75.54677281073404,0
65.90141233577879,3.003743989934526,99.23851493789323,58.59843729420391,54.43864738494008,0
65.12635185139544,2.318526993482747,84.96315480073534,88.98838451134446,45.413305400368095,1
67.69869938477582,3.178100142145137,98.94191227154619,87.19463430319416,55.58944728708441,1
76.34075570633568,3.082521505774941,86.2282697158465,57.85283547538019,33.81085723978514,0
64.35499866078882,5.615158683575246,103.06043765658227,49.8360716084989,72.94309050458341,0
75.50009798895896,5.956771290529293,95.7475066127736,84.33712300375296,54.98550631212845,0
62.065955768972856,3.9207654788416795,82.99669720255119,72.40753044247386,41.28868458863123,0
70.36745132448921,6.775654233883834,117.85409811461071,63.68046257555253,49.331272542514,0
72.87718203659207,6.663244908777234,107.68312864038566,52.206291216581,43.56742028698215,0
91.56104116047133,4.638118049520971,91.93487078543953,63.97053841686269,72.98671962906934,1
60.98147475583706,2.720594811222528,102.61887484663558,57.60924772202135,48.76415856884705,0
83.77611653192106,7.035677968983972,98.49119461296465,46.04191276768608,54.48585193784949,0
73.19873931189824,4.090168768148866,84.38336312926107,60.322761914570236,61.179623306420666,0
75.2893753441277,4.427097353575754,101.26893212238095,62.77763282151294,40.147734339767325,0
72.94678330710563,3.5887109539081767,88.82178841346726,51.242888795435846,55.099351458162516,0
75.55781454556187,2.5983774126650445,82.99119095883822,74.26886239497132,56.39096911030736,0
70.77051916510386,1.5564490254324745,70.79018805520255,81.1989830615978,27.134738863670062,0
83.63240145165966,5.339162982403119,93.54506763630465,75.45815848579743,56.043143820441756,0
68.34823084620223,2.7898781029860835,110.20547187250702,53.02752906614809,51.26780696090977,0
81.05787657743399,9.707156212194283,87.49613163918053,71.60478707539069,54.07946067385595,1
66.84506303829582,2.245067551297538,145.37275645884347,59.40330515428072,52.57007541584907,0
71.5179852287897,1.9367115450335342,115.94234176574918,35.75657238581287,56.14671796720131,0
63.42429958167825,5.118249688104195,123.4779423878886,70.10912881295943,73.39749161081852,0
75.64018976278015,6.952764262141132,114.31437421732765,60.630369537225064,33.12788140663825,0
83.56100765541227,4.3162613824978,133.3515695488943,100.0,46.52556263199328,1
71.38115056143317,5.230036356337094,85.83396429749425,84.23087553901408,62.66589806340538,0
70.42491441036873,0.8816146485743226,53.90672705814481,70.80070282482143,59.694813883646574,0
63.08306429545659,2.9804792177548203,91.9697390496481,62.485069023187236,59.350488853473344,0
70.16565877158153,2.2674916875523796,110.04793435985567,60.94700059104433,96.05723545077339,1
59.25764592222778,0.7889174700938142,102.72730549146361,39.93359073460407,61.82616838586729,0
64.69697610624938,4.410564421242997,104.9585069974201,26.698229910401608,70.0950047400804,0
73.81428836887308,0.5,123.7763800480577,42.29393603653183,47.086847058359865,0
82.55210558193117,1.8200472610425926,106.87703634032499,57.14109367293225,36.11340201764349,0
94.47368688983602,3.233051170775848,114.3804326966384,20.100292992238288,46.97092113226186,1
67.30731931943279,2.703685495288063,83.08787064665034,48.20220773909052,63.39136274149447,0
83.48240125316352,4.913535303972722,80.28291359411133,53.542965403760334,58.509245677266804,0
73.95001984321318,4.750044345424464,129.05405061444077,54.12232203726175,58.452021929582074,0
70.790018826029,5.8088377426838225,101.81622763264723,46.08897523261339,48.570489811245956,0
75.46075561380921,5.554290718882821,88.78187469796957,51.85275134113479,46.01915809899239,0
72.49533186943967,6.253463020850486,88.81489911615188,89.03008890622951,49.122284091307556,1
72.88316580489774,4.1965468799837025,88.31578381051136,69.91861506683085,63.5916072026434,0
68.73333469738665,4.746240421470006,87.23873762117485,47.91458601583331,65.4516388507267,0
60.81512272160919,5.120724663454545,76.90333955313412,56.76973980948466,35.90013360526036,0
59.65099837982335,4.454982055303846,72.99243276003085,57.4903599582592,64.19748095090318,0
77.22595906624981,3.485050242149267,96.48992120222046,44.17680219267728,41.58846030790033,0
69.7863992793143,3.601603438188414,89.3273343342328,44.15565608061062,59.502746429456856,0
67.23128880275067,2.7283948830060623,119.92886713797931,76.18943236588083,48.92854812060019,0
72.06804501378522,4.958910293837693,105.2753797588045,50.44388120469731,77.05261678782375,0
78.35945802332502,4.030772686646721,104.7757182414037,38.295465033444316,45.31080593630167,0
73.44291154421119,3.0062872488538233,86.62383266401989,57.22347380675003,54.85778945431653,0
66.75156050687227,3.007959325215733,97.82148851596044,60.124175556324225,61.705490520950846,0
81.8103436451916,2.021282289990981,106.49801986536593,22.49132396451097,38.01665839803388,0
84.63348402385306,5.96191441422696,112.89152331482816,57.26656555929053,50.83428711316888,0
75.95645324258282,4.341511805157218,98.30994712266943,73.62363881826869,47.7346418460298,0
79.78930809075273,2.646959964768114,119.42422802783577,66.122128939393,43.77898426550443,0
81.93567997451049,5.655385949283633,100.14380756034296,98.13631207350949,44.964431976268166,1
81.04079453123612,3.191192142370129,114.27124813331824,80.51997068161923,69.79223357018871,0
76.912793416901,1.6682988713779814,91.1826602453953,84.08081244551536,42.423188243834666,0
76.78677637659906,6.038200120594439,67.37340940176445,100.0,61.062526122745695,1
76.15728458677202,3.2332254187809966,104.83046178433341,71.64681271194276,57.03352003249831,0
63.22129860362365,3.463981637624179,113.05583313663927,60.93526374278862,29.648318147597188,0
77.60578525487668,4.274124036628519,110.35625197253626,75.52732528176398,60.30671101482306,0
61.15348823098757,6.256660601022207,107.59935990587392,47.93374419889011,29.38378864387689,0
65.64320435899955,4.236067123559361,93.72543461281023,59.93835375090945,62.04946925064256,0
82.4285205424647,2.0415891729385858,85.47856747397934,46.340902424590354,43.884933709906434,0
78.72176130155358,5.178978607401925,109.93110884278805,65.16372203613187,52.13387605210323,0
83.89918631748691,3.327018496328897,107.67605349156895,46.265636415643236,31.29152080597858,0
69.82660493050166,7.598263148753039,89.90381636481112,45.63528700248908,53.95811717767705,1
62.78200926978586,4.1979845004037974,119.96963540545703,65.44251927589907,66.83120668752991,0
70.07650242343726,0.5,84.1084207381432,55.52119406594979,39.08855315163807,0
72.81625037792459,4.843256949880214,89.49657918176128,23.304619557098555,42.28532662169582,0
72.63190973072008,7.700276026068412,129.45565382214997,31.799975416382388,59.273936377079835,1
81.06944383005361,7.036656519381701,115.63447487921043,37.34920315369366,59.67389317835103,0
69.10983659997244,7.495717719761817,93.55583249396159,42.10650568994846,15.0,0
74.81627577442339,2.364431666313366,105.17285277358391,65.45961993061549,84.24650182052437,1
64.09098280452315,5.841874312758202,102.78626040142909,61.940899247289444,60.4568557367733,0
75.60253822435051,2.900409828473919,50.57895043040719,77.17502869058558,63.150698599247384,0
72.0248684014851,4.603720918950464,83.68346890947913,71.55043281295188,49.70335285340773,0
66.00149329372385,1.9086856282684819,99.08476089203293,77.29425321128784,22.314343863164083,0
70.11336510260118,3.039979623211111,93.58099342193249,68.95113144626421,62.79555298000384,0
70.52659402787823,2.9827559447454925,104.44784616694757,61.77422756364682,42.95699154830582,0
69.83875896530323,5.817399504256709,120.33068163306255,77.7883313611778,60.70290710693344,0
86.17072993814146,5.64129441900538,94.21235587622931,74.5494302513218,48.499182875796336,1
71.21243198153697,4.698275512795478,80.96221366978844,64.76971661597184,55.80863006586204,0
70.0488311185813,1.7692414475003062,105.84732985319881,80.87929367548256,39.60005789745209,0
55.22039233911887,3.6390490188905043,94.12077999577954,20.0,65.8302230828629,0
64.84634118416417,2.856990330703093,97.19085698520576,52.7716628654719,32.98593536867725,0
69.89541260434918,5.765416362050084,94.74807305524459,52.49577161826884,87.92911080542703,0
66.51317859058686,6.320732735070933,140.35308040019774,78.74829179466826,87.80717815979219,1
83.05366074702238,6.10149405485559,59.66732330203699,86.28510994511385,78.12319336746417,0
70.68049779683025,2.8406050450493634,93.00998974361237,31.896771336215274,72.40766377239217,0
82.30755399454603,0.5,99.93359753832894,83.40100913468697,50.64722626826175,0
72.49363707240295,1.0194685833659025,85.93943513890999,36.91398665152716,70.66474729195534,0
72.29782269137262,6.758928560547975,116.1968649783091,37.45812557990519,50.461176027581956,0
71.2896284183,3.477741109224317,114.63863821695351,53.782857358107435,27.14371932407509,0
72.03037001297167,2.848695687122798,99.14041686720627,52.27228350161348,76.051222624491,0
85.75036002439887,7.1567885281852215,95.12787240381351,29.948488965096224,70.06119140676009,0
53.443114185990254,6.477287901878989,97.98477698383036,69.69780352286621,51.498574277513036,0
55.98763404449057,4.244007699455616,98.1138402343394,70.22924364507884,32.3970518827016,0
67.65463335155108,3.671874436084847,98.58928549373627,76.97274873094608,42.620789174736416,0
72.11622305550056,3.962217816936375,96.61601617269761,50.197804063998426,22.861670641799844,0
77.5208353981121,4.608893037097439,104.54408766266307,57.28751113049592,67.12129364188763,0
75.7846975842198,7.080085106375295,113.55781716690157,57.45231103175243,26.347056530173116,0
68.92603269695545,4.960441363627008,77.85531734322562,88.38391794643236,56.58929392234682,1
80.1523495459341,5.506852259470454,81.08804981380332,20.0,38.50090643552499,0
80.24156322522185,6.304686196326308,68.52667546929658,40.77500171819614,29.172744880008374,0
73.47246265017253,2.094583198156046,115.59515320643679,58.09973517025236,55.81368149245715,0
79.70126057989474,5.558751406453277,104.50581927742834,38.45973577152095,46.659209835007495,0
74.18116210745703,3.6697762416090995,109.09481528678987,53.35023356911989,65.41102568680589,0
67.50813578573693,0.5,74.26903170945756,55.730640345341634,31.71831570034069,0
77.58253471200004,0.5,132.12906621184248,46.16165004173556,39.88296567241885,0
72.88490498062941,2.367388299266366,89.04068365338357,59.16044066984811,15.0,0
72.0107187740359,5.156201811466647,103.0277045280026,69.30668699964065,17.050453082753236,0
83.7836285775166,4.404839217612534,115.3789238922107,53.747203989441964,80.7710785596562,0
52.39302297167931,4.531860072916196,82.23436439567071,49.84249478856276,85.3375719055947,1
60.658526638723444,7.711698268836046,90.166161546772,55.016231500230305,53.483619283583245,1
62.50343658900504,1.9156386932523382,103.22509194281574,57.86614576037939,38.81873974549581,0
69.09391481944955,4.150619962469298,151.4345153583647,26.674247823980405,47.22481719215829,1
69.96313464187176,4.747983941064868,105.42024537133643,66.30797052330301,65.97718723978183,0
59.94139481781562,2.874708390230996,128.91450071135293,49.8819778699577,43.76977568284726,0
64.11873574151339,4.250988141149294,121.7021166134552,80.70763134659893,55.80214187266703,0
65.11326657181144,1.3200911986481794,106.62418065690133,68.63896256156454,51.7959031923,0
91.65939273660713,6.737831191095051,82.19447611064778,79.06119527595379,42.89899727867427,1
86.41393558197717,2.9730938054452194,119.07556499472824,39.80193171313165,43.580916064130065,1
68.7060046585228,7.856520296601305,73.03401385033516,51.31504045862632,56.69313394696813,1
69.0913336775456,4.141546216948581,128.81575222618767,35.635747225766636,36.369789817800935,0
62.80636802249364,6.05049641771853,103.60009554792859,45.30655823927213,59.22766952997626,0
56.73495669419786,4.104054835815922,52.29597614863283,80.53789764115464,44.45473664561309,0
71.0649585087318,4.144661101931047,93.8708902894269,84.77483040260492,54.03787687437168,0
64.0171841340478,3.1487472002003862,111.77106077661293,37.33360069351973,74.14340105869694,0
71.32119574670392,4.4144230728593,95.7335702852842,49.7510019702889,49.30892727636876,0
59.19835320765218,4.772397649945286,112.87010459788432,56.628477903568914,66.71686944307187,0
65.90420433351794,2.7883346839526766,84.69956498117868,68.54090155257606,23.327474305858743,0
73.18901676242265,3.9749200514522087,76.49231728982306,26.323415256343136,44.474191781750484,0
74.9296767822715,3.1018220410971953,98.7139827451431,29.145998532488107,52.443017937217164,0
75.33977566993612,8.339395325306711,100.56818201121847,66.81327058970325,82.77329086730334,1
61.4360881267437,4.038484614159087,93.72908168087821,22.917305759477358,20.640766667841753,0
78.83748584108449,6.9814178730538075,122.09124063955946,49.957646689500336,50.46064220971557,0
65.5983064271852,3.847879804546161,84.69626724749696,60.91765255405913,75.30702161466021,0
77.06286331685845,4.666717754762835,105.6369809319823,65.48198745879611,39.43967351573005,0
71.91489058705446,1.8215446710385153,101.22345948094525,55.44907428021102,48.59457903318928,0
60.988900007376415,3.395269334637844,71.9791128615505,51.41637905714445,57.30782376088863,0
69.47041836335049,4.5789624074206445,76.25745669396677,73.20227547489662,54.95213685956448,0
74.92290993651014,7.0548068957277605,100.21439829247537,63.133706674583635,77.05232760727063,0
76.90372304379679,4.599568999817288,135.66159997636535,46.353700804873725,59.17558096117171,0
70.87209682044465,6.690696650147398,110.4268566141786,58.67901214028029,73.2443663282275,0
84.25423112480843,5.353312398365256,68.93857314739661,64.89704240781147,46.239866283041415,0
80.06008616789248,7.129322411036435,44.01121482785192,88.92827034612486,40.15159341999525,1
69.94676706880198,4.0937240088509,113.19496467407883,72.15382602924842,48.388428911685835,0
78.00097449709556,8.502400879173248,98.26815730729241,79.862023407171,33.454350506118374,1
87.47034788150549,3.326286834754579,120.54278745118665,47.00906686660666,59.73618713936152,0
87.68387680626421,2.820368698444196,84.14707742719405,48.56470768740995,45.82595019591607,0
62.17600095342002,2.0219048705597387,106.30382496145347,53.76316012936618,41.25137760036039,0
64.5877351107428,8.395844408804527,115.23112233450152,55.41569236051305,59.97853455393603,1
83.8793502938708,5.675005630712215,91.94565451228333,39.855550759547974,33.70054755241138,0
63.5337515932989,3.598582679915445,92.33045973584082,80.78680527802273,64.3280354216927,0
61.419670933666566,6.448240854372291,100.45473095977103,73.90032947965825,44.34660178413823,0
68.11044695440762,5.4378459332120075,109.76817423808592,52.49779849657287,70.54554310550694,0
75.36181367579668,7.739029448476063,99.7419879187856,69.55079168224937,45.716198748326924,1
71.18082634711124,1.4139009010681596,117.53193407967075,62.01218493406908,62.11055466492679,0
66.79549103675527,3.722351805034342,91.68516659319346,70.95690365676475,54.87299798036649,0
66.60630030620393,3.3674615089029145,76.08888630166402,33.80247177653866,63.90242997943179,0
66.30130348469834,0.6473711824645174,135.58555662603723,55.378100682446174,53.759150274362035,1
64.96392297072846,6.108588968603449,89.11659274223597,56.95530649769568,25.3856414025081,0
90.2530630182085,3.713286199553955,89.76804249308054,69.22555779300973,68.14069662787412,1
74.38008856948444,5.5313361689758125,98.81554022070068,46.6881231787216,50.59707324067348,0
79.0940724352379,8.447589481793301,101.20925997377167,20.0,64.63225723767701,1
68.08738025504861,3.564161354710305,93.0396944352109,38.52940508170743,63.043943629901705,0
70.51234658251161,3.441924631217121,99.68618985491784,56.90113625720367,39.627256303818534,0
66.29156814903716,4.413595505503193,99.28427983429287,59.14991605905997,37.36327351719525,0
50.786333320646385,5.977045235370138,103.14674788637453,88.30746620724972,62.485681623184064,1
60.97592578521707,3.1799165544417303,57.565225738228314,68.48943593184578,47.14801552943178,0
57.515050560156844,3.064269125162165,133.8557735261413,59.46754502616681,66.98286847146395,1
54.00172977638714,6.102940686434459,97.34881035637797,57.41695701793412,49.14878491419163,0
62.43712820561518,4.881550782908464,110.45120715004573,77.87530087905446,68.37455643917261,0
82.59964543505305,0.5194891265913228,75.19417585238756,47.378011861166115,58.772871747345626,0
71.64451065836516,1.9942947609556056,91.5219952975135,55.47489182066922,56.607599899426376,0
82.32451009856939,6.902224554888979,87.89831440623254,38.393353837510574,46.01582082015561,0
75.28786061520701,4.923470909541862,126.45502776115381,83.54030887651547,55.71884182498427,0
78.26047060572128,2.828047324132952,89.4553550769541,65.06498086602905,71.08564343924334,0
64.7928240375634,3.893262616977032,113.64543976492165,45.264580671928975,51.13255266138688,0
76.19160763354137,4.223826011043006,88.29243185188248,55.939809814270454,60.49879109894169,0
77.82971387259477,5.524320048504295,91.852859086229,67.17371373771304,52.7417612199953,0
67.38682166213046,1.7551258892541792,95.58009702638765,53.487059570999044,53.99366468392675,0
76.47632296492932,2.6862915503931757,123.1092122829274,48.37952880917318,79.57457211101277,0
76.52950206859866,4.6913203587541,65.98265213745788,46.22307365228203,71.22768049663281,0
67.60357903095934,4.0202977551081895,76.31805600506021,64.10131418634006,53.27046104313149,0
63.01785254183204,5.229346528746078,64.9485070175833,51.55502297420767,55.43126540697654,0
62.526973344813825,1.986886684752724,80.4249618442939,49.83236077427057,40.7700719431845,0
72.69204433537169,4.842831617288378,85.39119907854207,33.9508884090027,49.23245525976075,0
74.61607895031452,6.164850514879451,70.939337426373,59.397530377489055,56.95036460077784,0
65.65979335633668,5.076273384868711,86.78534056093596,54.737978101745654,65.60981743310604,0
72.21268273060879,4.450401131570866,63.73513934319853,52.210329724444634,63.987534350574705,0
76.56429628910789,4.027409515381253,81.67620297218174,61.57787219479693,34.25185510552784,0
76.94552571732241,2.697267925011297,121.6075671983836,71.46404072924616,67.63172369085811,0
84.41504096097991,4.070402533608381,107.26458526505985,70.62817849492843,50.57962112995915,0
82.21584665758435,6.467470535184731,103.3744180991055,67.94911301619572,36.208138309159395,0
63.98966853794765,3.9857486881197746,81.94998598697595,53.667934984557014,73.38215579891074,0
85.46868967630418,2.598352819172862,72.35047073719497,47.794029953057645,75.41246394780725,1
67.75218796355428,3.3139552402223047,79.49519064038294,39.20951845619613,56.21995171745056,0
80.35898249963542,4.561530535096675,99.22222311587173,47.323182867914525,63.34069763048376,0
72.54389300840872,3.5276748050744757,115.62718203508003,58.35370171245825,64.27918733991092,0
68.70280497234425,5.073545909513653,116.24261350843577,43.846849810255314,74.33235444499601,0
57.538425121800536,5.141118769348255,111.3510225247,59.72902850411397,63.6490964069076,0
70.62748391826922,5.800169724728367,86.723976446777,40.62177979758644,30.7569875609829,0
59.52493411755513,6.7624070500770594,100.44189698327179,28.102145997873603,84.15692398353804,0
79.73839388674217,5.99254570387025,94.21583445932957,72.74931017556631,69.05051023168069,0
84.13434125711399,2.5183696845336723,96.3785842570945,49.460537283414794,43.84761271563576,0
65.62471208562648,2.5736379961627103,136.66830214527664,42.933394241969964,35.525998842281446,1
74.41576594015417,4.063611342372316,68.28399573393497,38.31075145664611,60.07701488646534,0
66.1968678239362,3.387884356969054,95.7758173133993,65.6146475451472,47.54783938611873,0
66.97212215890568,2.1510118914703034,121.81148032953082,82.74833880642342,57.27992566398335,0
78.19595763092298,3.4049547704886107,73.61395308939632,50.7446705018894,63.89450946045221,0
71.6916939052527,3.34587671948573,88.41254634520749,54.119859256073525,42.936929792051274,0
85.9171843354481,2.9906740684298296,90.47730704378249,77.2893731180033,34.1422721170506,1
68.14214017037663,3.6315789249209898,95.98078500302827,25.41197732155038,58.17309548595165,0
79.9946906597959,6.321211530572996,71.27277112708809,93.403635572428,43.465794315568424,0
72.77930730366225,4.558628474248631,110.71514908608471,100.0,54.33753257171837,0
78.36622407795386,8.649256336899846,111.9931710852366,20.0,30.506777008603766,1
68.42273874136043,4.506914734835369,109.15075585032307,56.24494187949838,47.9650764084058,0
71.60352929958734,3.6778816069129467,84.33327386276054,45.058953426347855,63.439230256639945,0
71.07600896560852,4.207439188778759,101.5571942341713,53.23410812371479,61.69492012234875,0
65.31154308123371,4.6616855611983725,83.81007568775642,50.46906874691338,39.386272466027705,0
77.29665227665402,4.9834571229079145,94.01326010611277,72.61166377262845,33.30777009091118,0
77.20199204462692,7.938080386546243,138.7624226890758,55.97374167457617,52.25221903602868,1
76.74843755924454,2.6784231630403763,101.7225167967326,41.60367014440078,60.97652475231054,0
84.29572523134115,5.746282904719925,78.62452163223088,54.90066709668776,58.48280224308082,0
83.59475840989043,4.573951075705423,103.24603613195045,67.26611626532338,43.80544249021904,0
69.00044248120692,1.3720240633728884,75.66767333086042,36.69301610022492,56.76519107978565,0
74.98441854747342,5.587257807770574,78.4178129347298,28.367793598540352,76.03768754041592,0
67.0111944859343,6.481722409447029,81.25978355292176,93.86937041503576,55.28231499694444,1
72.18684252891644,2.6570824732006266,92.00242986047769,46.43631976524814,25.86963302690208,0
67.20200440704909,4.183919037794453,116.86544192060563,55.52764623544859,55.25120540961028,0
84.9605624730884,1.0943623283861337,110.4111675643031,50.83968269513969,84.70331153940174,0
74.9095852027437,1.9341483725681945,109.41391590845191,67.86557867347855,31.40174699015047,0
70.25576697516462,6.086453239711055,80.21935781937023,89.91021861563878,52.475594589264354,1
81.54894857485101,3.360450289186618,90.25634160215833,68.43880915112712,48.37863307148585,0
54.63507672163671,2.2041546451115295,104.89601992389738,30.66942734428016,53.53412734840102,0
55.88717924107768,4.613028656025174,88.69024026300856,33.08577831384646,55.10803445046035,0
78.36670924175819,3.2596576234241583,94.98940407458022,50.818634044115505,70.2395517770068,0
72.48374758493894,3.3525210160040353,107.94445646553909,53.1718024084012,53.35653258241297,0
74.00357040208608,5.530786846214826,93.72209173837656,27.00487714816119,72.43615291539275,0
61.38883117345161,2.1088799539181764,104.06907260383646,72.74813656313992,50.11750945941628,0
71.81413031319707,2.5703426171727024,128.66911220835223,38.44622995813339,46.39781161640587,0
88.02807528321074,4.477343985867964,96.90654161823404,84.8794281182636,41.29307227138231,1
78.5935969583669,5.94493762334677,121.22808057494571,90.77138674970297,22.926607534077554,1
73.3576523611425,6.42868854268173,110.06866121153244,53.531436412620806,56.41250259081344,0
68.48756871916049,3.0028889033490787,73.58964411723821,65.90150752752733,84.86400461554948,0
68.84341718504484,5.887278540455366,80.16153347325657,35.82495000248437,59.33176763657378,0
54.966416886399855,2.788543871753264,84.99527410474187,69.22617387662406,62.98795766658687,0
74.06112336736929,7.48717682443224,84.6129714952099,49.03253637818134,45.39149879976872,0
78.76386486785483,2.159212154244489,98.37478457007734,38.42976421140963,48.09066573962127,0
59.395045382635075,6.591261859425115,111.0635928654728,52.791970211446284,67.75426381333219,0
66.70866486154547,3.018325007726297,122.59285150068501,49.616535848703464,84.13909824463713,0
62.74028294213262,7.823843618630281,105.54715159705148,52.14713074593242,75.80716697274912,1
64.2771904415299,5.264377311934472,91.97776799104223,75.09423825069446,64.88391407564835,0
72.4278530145752,2.3711702470652005,62.519657614662265,43.86446333255681,52.562409270248146,0
55.324782760092205,3.259970736823488,101.27061235751208,89.23041399592977,55.35550262827718,1
76.91416350685651,5.606126169402735,100.46386348650984,34.14892660914363,39.94388288914793,0
78.03084055946945,6.094759951708011,103.29271756370125,87.07774491721472,28.829319659157488,1
69.9911792957047,4.072711934895968,137.91232535865998,39.70280880567951,33.97122627584095,1
52.15433192012367,4.280384905734239,122.33073783147529,57.98176181434092,52.796800552351,0
64.02865099198088,5.5650354587593185,114.13109652849974,49.176469957395646,47.328123817173164,0
81.86321547282157,4.437237168619476,82.68261165871121,51.81288391231862,28.488932724485046,0
49.77604575417142,1.8716912531909236,90.76609451445862,72.42443025439988,51.40282593520422,0
69.21981270245185,2.736646755647675,98.29279707528696,84.9968823501186,46.90511480854488,0
62.559993772261926,4.623215897672997,86.04267176781363,79.42944468920156,33.23441831545472,0
78.4365624126787,6.387868349695848,109.00836144973212,50.71258601784674,46.07713583007887,0
66.59908838285232,7.108768363491686,106.42435928588269,61.31659400328196,46.864751988538494,0
75.23163216588489,5.603152957388611,80.41045972501553,43.922598273969484,42.133805761208535,0
76.52368335335274,4.717123369865455,121.54270076373024,40.152094373655494,66.82672263641504,0
86.68980671784016,5.547864994768458,101.84158600855949,37.366583696883964,21.553575006507007,0
70.37646445059704,2.99984846962766,68.87671935863948,50.12368047428567,20.22721614862446,0
75.0083549569809,3.9241842715352147,99.07582854979054,62.49290135826896,52.05257255118547,0
60.119556166980516,2.7165647015889425,105.06171620661229,23.587327124472914,53.538035030276895,0
81.52330850634995,1.9522633007261194,117.51026250584333,57.16563335354622,58.46744217630357,0
65.91592921542909,4.800388220945169,93.92542474372091,85.28845224189145,43.3764238675345,1
67.51396668729804,4.533923951852539,114.90288881404973,78.19439924333426,37.313219118522696,0
71.82201764120632,5.437774472116224,103.36855576186389,47.466686622520015,51.88294187688084,0
59.496925237281204,5.183001295606405,76.32901703732357,32.856287632909854,44.93474983443206,0
73.8301602314315,4.636759688382952,74.52699807731474,66.27694551636688,76.8171424744911,0
79.73973018340008,5.201909998219598,120.20607766268827,20.0,46.81236400119693,0
74.34347058797833,4.1231704267905425,121.52771521087185,77.9827740858882,51.14903757252675,0
59.2888194865702,4.943204511400321,105.81236614728502,54.15542575810167,91.60669023356708,0
71.00952564536273,2.892940075164553,126.92272098124052,90.96340577039322,48.88383637230901,0
77.93623122383593,4.8654706661504346,119.01897728274892,26.914621259623615,60.89850984318545,0
56.97608987227274,5.403151833514817,112.30531713063498,74.526632053741,62.34095093418165,0
63.40187188945829,2.9945734294700346,83.5963932027939,56.190840937344426,63.702426299491435,0
79.01234883265217,4.293297778187124,131.16571751858217,52.04109043350255,56.63179624658004,1
74.1607634735783,3.077515482667153,109.65342577974891,33.3428176261814,55.101452710568154,0
75.29577265701403,3.252287946270993,93.05490205699081,68.7234623208109,53.60534863739386,0
86.8759584609865,2.1751271608161216,87.97113990450464,70.17047292598345,42.784097564259625,1
75.74842222804962,6.4783948652998,104.62210806724943,90.13230043538601,57.2083008454283,1
77.26310408346544,6.118233314496086,69.92093647290781,76.14490473149067,84.45833339879347,0
93.6859642177466,5.167380937609207,112.59411895635152,47.30988407879677,71.37091054341693,0
70.28956353527607,7.749952713498866,82.83572533550752,39.93047349488474,56.86268835559419,1
65.61693789105203,3.859357746176895,106.67094595883717,33.36715419659704,65.69327676969584,0
75.42237118597706,9.657172347199143,90.61083392755313,84.51803822151047,38.09318546030956,1
75.51192823511116,3.7904470523462033,95.24046317095534,43.99286288299841,47.8318055328045,0
67.78627686443033,4.65934803316083,86.37562229022883,84.64413764148352,67.16559750694489,0
63.740823843561216,3.4839997549076256,97.09787023874557,67.4512967355172,75.79467509533106,0
90.47875537672063,4.870186008108549,134.00883182831237,63.93825186869129,39.666141246473956,1
74.61474776310418,5.70410687019524,124.93107328687553,52.476370373914634,44.26258704922949,0
66.1417169487834,3.994950492504449,106.38062118991822,69.89211243404051,86.90201270205658,0
79.32744241823679,7.398095724811718,99.54470321983085,57.72152626893756,53.54017999630356,0
71.12683878750933,4.63046871234023,115.19562143247194,51.354160753561416,81.17379156320607,0
69.97694842945735,4.686873694998359,120.33946709393601,70.52808615966761,55.30971707641268,0
76.49818297531594,2.563804149875309,85.06326912026448,55.40850203401965,55.938884517206965,0
61.66494185414648,4.953298334190692,98.60610038262035,43.62997398270112,47.11214579744164,0
74.82101763133738,3.958751002543142,67.20475186777455,68.79688195829172,67.08088226416366,0
87.30363846185402,3.1051684871928837,120.21583798469611,56.848258198685826,73.724440804864,1
75.72942129757848,2.8023460653329453,137.1704366386154,66.80038021164049,35.43996431774613,0
68.99030316973229,9.009174083562034,101.44148724321553,49.830522549624646,46.360791164473014,1
67.94315775657407,3.7257409496777365,61.7498177517457,36.2358165157428,66.64125638998753,0
68.71728021323912,1.577426242593718,110.96002929838656,89.23133132525696,49.927221795450755,1
69.96829857561775,2.9432013724813695,83.72639500931655,85.83900539374434,44.10583250346863,1
68.97754773793382,4.107177888942815,88.05971005003973,73.9081293027153,68.15267446191044,0
79.33049152859654,5.184000658709673,111.27837501623807,51.01940766326308,69.65525127540018,0
58.134327174328135,5.198633739105564,104.58197425922904,52.59427648310069,44.80572654924578,0
78.89600040329707,5.417906193197746,91.21404204390517,82.88189402613637,55.39786444780713,0
68.9625077988595,3.0392514480528066,88.30709861317004,51.63105932378656,32.66440326553227,0
75.01558228556297,4.812792798302782,102.26504899397499,46.613991345748644,37.67230543234081,0
62.98409671839309,2.623092964600959,92.62962005477739,91.70022416145616,53.98664371413408,1
82.62904853479549,3.084642630574779,80.03373159514587,57.1418017309503,52.5025086012775,0
81.96507968137499,2.548123845899533,94.01386273338952,89.83165591324922,36.529982532309845,0
79.67672420600059,2.0609000617231152,106.11266721859332,32.82894560757997,40.5444172043908,0
59.88196179365168,6.115577079944416,96.7941375972466,67.32732789012104,34.95929008071105,0
78.63296856852843,5.439501061761998,74.55684523153266,95.27948678589908,59.28095771061137,1
75.23884070108568,5.957997665960634,117.80316318475971,58.53551340385951,20.5177728529296,0
59.15783002293946,4.270763518843734,50.701394135019996,53.24791913917967,35.81476432703686,0
71.80562092983348,5.598253857957264,91.96542720948817,36.98046548322844,22.192935234682864,0
74.9162759122661,1.0296790716434194,88.83642781802952,77.48217497983445,58.70432966172769,0
76.4486021905852,5.75355753248164,102.66721980168546,44.137694512467625,23.156263199124776,0
73.41809093559084,4.518815694009055,110.10991254044924,56.293445930980205,52.507667176568646,0
74.32985133477904,5.328797280268498,120.28176654869864,35.77895896373299,78.23238425195878,0
83.78889113802477,4.8840419382875035,87.17671227966112,86.02410280175378,78.77494370033443,0
81.80827127928544,2.4233007218336042,110.55848207200268,78.78793559306229,23.105478893138862,0
49.063560369738056,1.5035284042961163,103.5247309818663,57.43147451416365,56.77455362609529,0
69.46049156129854,2.9183025008706664,69.19229124670198,37.225319159435294,36.176459257912725,0
70.68279177964838,5.216851106291243,134.209724597814,85.64632688636738,32.909823428635875,1
57.98321141818423,5.442164547315712,74.10204770967641,51.41322891315135,50.18448072975882,0
72.7534644658585,1.737703900712647,107.55095090157486,38.106312865284664,71.65265851093001,0
81.99006217928405,2.434021138557214,107.01927899555946,26.281875775494207,61.59454198752573,0
63.30745712327528,2.8981757653064895,104.96146208192339,46.37262762591205,40.55774514427391,0
74.69120750951897,3.5568508915197317,91.09761612109106,31.816513794461088,63.28054395856004,0
64.67341218162849,1.7483085044652262,114.89054772052904,46.78922494258916,16.10066668989313,0
66.62470381056258,1.6403068209477616,71.91338546902428,71.39935720655888,39.952867225068154,0
83.81914907336028,2.720696466466403,98.81508180386939,51.2427970484458,38.817735284779985,0
67.6595374391054,4.35525690520501,89.85025582205574,64.4024808780468,53.2531310678229,0
75.697699912085,2.0749301884437172,87.80863704279344,44.97997612841983,48.75475258144,0
57.0302550715121,3.9915536820508213,107.71746017416382,59.173043194556165,49.73646250208184,0
86.89854049115904,6.105395069055268,119.3946137689543,92.57621479754837,49.20448751830178,1
76.82121957045199,1.8567964726556818,93.8213962869364,51.72725059551586,52.358515855825395,0
70.5400012587979,3.8283976348610294,114.052259618664,64.91972987715386,60.64209547133158,0
76.60437207999915,6.044562120751391,100.89533197800277,29.82050990556811,54.38929641763813,0
60.72144456841752,3.4471168973451434,83.93082023371585,85.36191020350367,47.45037093432707,1
81.46024593402126,3.167394556454846,95.35686232166086,49.41028067899242,58.42797247687651,0
69.40812179602855,6.294292465751653,94.60925396575094,76.90960569831702,65.21797669844422,0
70.36744387961252,3.648836257851214,87.46012157490196,55.78275467633971,43.10358574843793,0
68.06675508027612,6.188091045370022,107.712692715805,69.00842857037452,51.04955630923719,0
67.35478877803533,4.972137704028958,104.22363137868567,70.07822368979801,70.59050500874538,0
77.55736489302727,3.582879624762294,71.36830543115047,49.85607388877109,34.35582916372229,0
74.04725480083378,5.063442955075555,70.27253208569157,77.65431584371333,80.8752351400951,0
77.21398513122432,4.776809124922869,107.64432015770358,44.33827244812421,30.573520404166793,0
71.92964248411543,6.037589077804453,85.32484428169838,72.00281596049577,46.474166220724214,0
76.10559848861745,3.212978031842967,105.43674079180583,50.97630470500244,36.79696004998381,0
68.6492100485997,4.274170920206916,114.05676840596539,64.29204307537708,87.00683194991004,0
89.8378547312764,4.089271776711652,77.12284892669993,49.6841259576233,43.94639953844557,0
59.45655666855601,5.467466654951613,74.59232941762866,58.89956754471872,43.98654149554348,0
82.08749858850388,2.3546774500004837,130.1397702831153,38.65551336954819,46.0680201609613,1
82.94325960576776,6.030558686828141,106.32827409332427,62.456025724398295,53.529644926303206,0
65.18272955227525,5.03939178990675,92.45366817988112,58.79538102927255,46.744931537527826,0
89.83418888444778,1.8295348674606968,83.18907185236725,48.27723602669549,49.87381112604161,0
79.96392226356255,6.374873085864901,90.81206471966897,57.00949660497467,15.0,0
79.76911205458329,8.221367545435918,78.56969794996041,60.41208057102238,52.91455737602924,1
72.22417749620702,6.003301145188934,115.90141913363063,46.90557304122798,52.28490594378632,0
70.2621907342506,6.7685725810076445,86.01847923508623,55.68234563686595,68.6171007585983,0
70.32472938368313,4.353668486884659,119.68362258789281,39.90006506389142,72.94497517247044,0
75.12424477055613,1.209291144470682,92.7886794441398,100.0,48.99667101773124,1
83.20949020027118,0.8805831878984551,81.21969669488834,77.06413588374733,65.05966530678329,0
73.45051374289136,4.659147678961966,92.32657141575157,62.915693901367916,34.3748995128831,0
64.70845101490168,3.134438146086036,52.7649980049745,79.09803269458051,64.27747748313767,0
78.59541649907983,2.553762699010768,97.82616561986788,22.373455419692,42.84038721384677,0
79.36920597115834,4.087055968856385,96.93785455965714,20.0,33.044840509919126,0
77.23727622758229,5.308053518150319,114.84536943786341,50.812760888501685,49.030581148735195,0
77.96399125219986,1.5850364158281351,66.04651129629917,33.185845415162035,74.40755915516446,0
69.83257495873754,3.3920202834953077,120.91359449554386,53.741100559930075,54.89608858769355,0
64.56808666295537,6.917767229616567,114.77078730995781,61.70181953070818,75.94381036285408,0
65.05445255487376,2.264480915601526,122.53678414657593,74.56746097013101,40.02027657894713,0
58.91629401233713,5.765570136896922,99.05101523192553,37.51124828304616,68.76561767276783,0
73.8955888923676,3.327484629211811,118.2501430138496,65.19335235088128,41.565439404208874,0
71.33240973418725,5.182428767729915,73.51760737167571,58.259014476740184,55.60525874382725,0
68.48009836376232,6.1751895129651615,112.8348561736816,64.25516757879552,55.46692525855064,0
48.35504940523944,5.534307180573039,86.11907028220098,48.6441048864352,62.583867742786765,0
62.02146024244665,5.836487283984978,70.27476701638714,82.89643251751816,56.01184991858124,0
80.96672521122534,2.127131639865679,79.7654706730415,56.13684432826493,40.173047394850926,0
66.68299199949496,6.204587472134338,100.09956049532687,89.93528002306783,66.08491123348102,0
74.88473342125474,2.6651523936573245,85.16261425208315,43.77300423371997,79.70650550920631,0
60.87451656019795,4.667175178028769,106.76932357052439,71.37089211919997,42.6591452439021,0
83.50964385887384,4.6648431365950085,67.45172400992769,56.925967349910486,22.636286776879484,0
70.84777871956258,5.073220605965246,61.71224421491449,52.10063649999825,59.98911309366062,0
74.32032317186828,4.806522016908343,124.70297381458437,69.38167612841583,46.70111369516562,0
90.60623833505348,2.6811420386554987,116.26840232922582,52.61487737458739,49.90235430471525,1
84.13152080471522,1.770238657867711,81.11265695355146,20.0,60.89884409169619,0
69.54747502970353,5.770227623931183,99.94600641753028,20.0,44.697721122790426,0
67.25423852103712,4.534502239534048,118.35112708362382,80.90359888511288,47.69836845850126,0
69.39563990784374,6.2688783137240724,107.5456109492309,80.14465224183452,50.39808772901462,0
76.07918598781228,4.119480718461838,102.66801573130262,91.97213703260704,75.51606300776027,0
71.15820692599303,1.6707041507814715,119.71277346362675,57.68449153092081,52.481113665817304,0
68.83804683997222,5.939033425807391,86.84717544637803,34.732573564037956,32.22922270696064,0
83.73745000567234,3.5333329026100078,100.56121207596331,50.44749083228197,32.86594430174216,0
71.08632086577731,4.815606223357838,99.67872451073696,58.20564127650363,54.22767874655362,0
90.39671274429855,3.0345730287368653,95.09028314192123,39.87331196286803,33.92915198894434,1
72.72594051001738,7.159743078420643,92.98350079442646,87.6743450135296,27.003144209213428,1
86.28254715379782,2.6221833164702457,101.31162828091283,98.31105183358727,62.168575854944166,1
74.85855538168501,3.5926264426088856,100.6193349277395,66.60905261314319,62.951974445898315,0
79.70368458599559,4.39340766485517,81.12830243437854,57.80445255943248,46.109815457698346,0
66.2031115878582,2.234071811243475,114.43232637820806,34.69059438746022,56.69854865842734,0
65.1699262193007,4.794935151457672,82.42506626020736,85.83581013080892,55.00994630712801,0
75.6776476401199,7.101438859441482,96.07179799815087,59.373522595282836,61.638710175505366,0
79.90842593972252,3.3171681107513216,94.68495149103907,52.795040828608975,61.67599846303679,0
72.32205201600371,4.911257074257106,106.44586502786589,66.66113359614168,15.0,0
61.70885331933042,0.5,61.85612907608801,47.457192478194656,48.15201666428169,0
61.117933069685385,4.129927439127287,116.03637666873024,60.643753116192734,60.28646701085013,0
60.582908782510074,3.6365238853328306,87.81417374298104,32.03559668477812,45.43269454337577,0
57.859023096484954,2.7267043156613076,121.95933930598697,77.56756940654381,52.57924222815723,0
72.8758828755767,6.146610845331358,91.39303135870922,56.12060125955788,64.01119970684924,0
81.0003513736642,3.6127613730771095,99.12081545678781,78.85841549141222,53.294803732034595,0
71.89267370460153,3.880540523231543,134.44814872123163,54.37954879885085,76.12671067575786,1
53.916681941297185,3.5210528253796722,95.00791224171397,55.54840524188839,70.03178003649793,0
70.47391631732361,0.7497314308228624,122.29929792412226,36.178286290744765,50.10297355245706,0
70.69760802693915,2.16242440786147,100.70281154016209,71.67562551432658,48.831261268403544,0
88.76799000180351,5.92996827501639,107.47753894528282,42.23488082758435,15.0,1
60.34289669664355,0.5,101.25925460940473,49.244397282413885,46.77596484975159,0
68.87457917920644,2.82063237069173,115.26132927340224,58.01884934948566,30.347697716631576,0
85.64682144435652,3.480503898678425,87.66043096864507,60.182035306408416,55.539672672009964,1
75.59982673077238,7.338519361124818,82.28712658565466,27.29025507608034,54.445931377920026,0
76.50650458813139,5.583486777893464,88.50562857321361,53.845494421215705,63.13369209642845,0
72.91667549619103,3.197093051304421,101.79478677383364,72.31414393558684,74.34672755117106,0
74.63954830925812,6.548124654807992,96.02526186009408,51.18991537856975,51.57968912524851,0
78.22087624222829,2.8670715230979846,112.78494777648118,53.95482842416021,88.48666099077113,0
65.52410944885787,6.0163796467212105,123.48517059678736,60.92330891516908,55.71922312351846,0
79.02446863126559,1.754020957338572,82.43490992976984,55.73271221415402,31.036537700533874,0
61.01597586491569,6.131864097220483,86.78892175094921,39.45072095702312,43.00684999823808,0
74.6269437826523,3.468959438152226,74.14769047036863,57.34576977399572,46.036052795074845,0
73.42992770629061,2.3486923663057144,136.5467138336639,75.89331706010613,61.47403441845406,1
67.06965529446313,3.809141496462635,105.48405098419289,39.078832949192375,36.84400159633119,0
71.81851779739483,4.699219523496387,108.63644176092839,51.259325989255274,47.232385875049665,0
67.01967877867557,3.309452825053718,75.87624906944113,33.13063616916861,49.42335550726261,0
63.42638938510605,5.197116310791583,99.97894019787626,74.94487510882621,44.8300670775113,0
69.17108206709085,3.1506110094046784,109.16646371943554,56.33755227691818,64.98264610687549,0
63.16809091702671,5.316670309076445,95.45036157038035,42.69640659509446,62.261142215445695,0
74.58237971274599,4.995999711665879,119.3627012468751,59.66078080257719,70.66507416166334,0
62.799316046781094,4.090338501525717,141.61296026157095,36.33519613188185,46.703597102220805,1
77.69581618392841,3.4055118377412903,82.95286911230886,39.39708043371269,71.24044108236643,0
62.54816745656944,4.47277343237748,81.60242957241945,31.71759646266795,30.176046624367267,0
67.46964067535195,5.190456737460659,84.20039082048562,38.797973723966805,29.785851184162286,0
67.00317273427856,7.911238474916896,128.91158488029683,82.43207651199651,32.57917302254059,1
82.6011738309987,5.890956759236726,118.76239570653432,44.803870036913274,52.14738708211343,0
74.64231956493273,5.956781909668514,97.56049927971432,66.39205220772662,71.2380498652441,0
70.30612957964485,9.759321950748511,100.65807395921574,42.94657444079341,42.365726709765916,1
75.9897555285578,5.128725258182119,85.30221472845902,71.67160742373795,44.372905520569006,0
55.142461221362495,5.072358320361064,116.02048883937732,39.53052398323632,48.543712715050596,0
71.65493128287274,5.4672271337789775,93.16176716604603,58.706102699711614,61.165249974202474,0
87.98011342243811,2.3838612403411448,95.31862228981001,58.95132357764108,44.35799514632682,1
73.05877205122138,3.4009770544462388,110.95821588752662,99.90049605567864,43.465328673335975,1
72.54330535335468,3.288895319953799,96.61609111450201,69.34765518364297,30.473675786276953,0
76.38502703713758,5.365705158995212,95.77061211703877,47.32772774207308,42.852462221166064,0
79.16484194651477,3.8864857880018424,100.19035369952336,70.33088134570926,70.83938804696533,0
56.020266456881124,4.4488021658537455,114.31639744827538,96.48714046873374,53.454816135655626,0
58.54138814567179,6.157418316267236,129.636875358709,28.66655037128269,40.162327836033356,0
73.68233032868918,5.75367132966745,110.53875218042947,42.83532323376292,71.77830356366294,0
66.28098750481992,3.9089021945257554,114.45965602523681,53.735843935960716,42.636583967037005,0
82.49620209775931,2.9940088256191997,96.40262688217976,50.49241191144488,74.71928927171945,0
69.47860488091821,6.24349451697574,87.2596384629631,52.01037943006226,74.4577116464016,0
56.52375411429506,5.5930041256377585,111.77175218023207,34.523819219321624,52.8961860219947,0
61.855888665248024,1.308737727068312,103.08233484281028,83.27120896390022,28.023207562053,0
50.0025918429554,3.6363229099650947,74.39268432250452,32.393045227420856,88.63200984553208,0
70.1269957017367,4.4979278316301725,94.09474677833924,54.39616942679502,58.19641690023274,0
70.49292698188493,5.601893490817856,98.50785357733204,76.82495065169256,46.81780760447056,0
68.60429832174482,5.838182690891588,90.81175839348738,57.456672571374654,67.2980466364009,0
80.6310323122379,4.711030802115852,126.6712407017583,40.37090499575016,63.236844592341555,0
81.58815869213355,5.253445556445941,108.6371026642399,33.72383818526876,72.97501359818304,0
70.6368926131511,4.315446244280677,124.71714852199565,53.86001447149992,41.40243538112166,0
54.92245066018515,2.9870669612749907,104.74165470973887,44.37346781469161,57.09557460439028,0
76.93825264393807,3.729724096125743,101.46498105565139,61.6941596506536,33.02607631608101,0
76.44288182806861,4.234184135952195,83.14123928301552,32.77387934096477,62.661350331859744,0
74.47513256125556,4.137577349966539,100.2147315975382,72.6346432639772,51.632874085965,0
79.85183799446493,0.8059687720017532,100.23497066215792,60.079891416960365,56.496148087788995,0
62.68137522831168,3.484529997127024,75.3919500873838,61.41705509834458,49.65840441855248,0
88.07004308948112,4.301170175560474,90.28850554413289,83.93938200832031,47.98417887058622,1
64.32457797486505,3.6935340145697384,94.18091322670547,50.11968102930641,38.10830121576458,0
77.99378341760683,3.755717168079146,107.44263179300299,44.93529949480197,64.64688343494774,0
58.50121844469319,5.078384467448258,108.3043020157427,48.14025468975628,75.83526458786301,0
64.5578825018396,2.257877063312459,89.53626732462631,54.534521748581355,43.093306257438634,0
84.13094917380269,1.26952401488782,108.43965284575393,56.36263189375609,60.85664807953752,0
69.9128014159932,3.5732943764939855,96.72257927172669,43.04744074116808,58.91493799456388,0
78.71938084106239,5.575405929903222,48.34683955261078,21.584465445404938,52.12956498158174,0
73.89564310975396,7.23759547107595,91.27536342487224,47.903277984177315,27.574468266164534,0
71.16033475199862,5.607830830370532,119.42179552256282,64.47686199316402,31.17444238223052,0
82.91080259946152,1.557125232236075,69.72749638070177,60.45264951256286,39.50428878157487,0
70.1067294027848,3.781738969121812,102.02844160747972,79.59198045686489,17.775924422849094,0
57.754095139492236,4.661941885946753,128.53470185533516,93.19875779134819,74.52849167848984,0
65.57407926438636,4.519664010462466,86.30896684581134,71.66800788625243,57.88325166687542,0
76.40953382961355,5.170748195297174,100.03868344769835,82.88537156334806,51.52062322561405,0
75.16407285090007,2.5493118963706305,76.52770736989741,71.80193726073617,16.956226891714742,0
59.463533998116496,4.316897557591337,129.2901605499443,88.77818660669291,22.818066319673594,1
66.20525984473439,4.956581093597032,98.50001271406094,91.31536541724282,51.962537789008664,0
67.34622920638202,5.686207715946587,100.83928317029233,75.12097307402068,83.52783944774363,0
69.0762432470862,2.7497073000969747,124.3774083791012,70.71484263564254,40.82169286603069,0
60.99269129118759,3.5787176389627837,111.90661110361866,54.30582090512738,65.82076823059901,0
66.97303113504417,0.5,84.23868281505868,57.255928942649625,44.321561477200625,0
66.17111611792379,3.0813684583600067,88.3489973664283,51.91892803569528,52.883828148621866,0
78.17226607809536,3.256053192652123,108.90876348141937,69.182528996111,71.43494158228691,0
78.47297048792196,2.364747885298603,88.76582100886708,45.03373532753173,46.46477391733529,0
70.83351633528947,4.498101870418774,61.88962038183051,54.56008822396162,40.95832147116587,0
68.86368163303415,4.0992982223185175,99.0416656244966,20.0,74.68912886599622,0
73.1193944963129,0.5,73.35617209975342,89.01561810590518,52.72892513781753,1
65.4673991403554,4.587914344743162,129.09307156414707,54.03145751344627,69.45928144937861,0
62.825343342660474,2.529016564579751,103.18217747973675,66.20044787205839,41.03601770584501,0
64.47823032859426,5.074240126542928,83.70684897861564,84.24016050480525,74.5067873433756,0
66.92149468822835,1.8926677540884023,87.42461653607583,63.405281873941234,56.378036392553774,0
62.69220960166183,4.254011769355692,65.99084341826944,83.99818663768175,58.95660201943454,0
73.296476472503,3.6903060080042893,80.20968603795093,35.6487193812754,54.106068982866795,0
77.83772539026967,4.745583392910595,118.29381764573259,100.0,43.91240028805598,1
59.30321359361407,4.424455099772424,140.17215061886304,77.56798357279779,51.97307503208045,1
72.20102968972827,3.740704484961382,113.07513723758126,61.76564486475954,44.91855619217014,0
70.24051363786931,1.4347098347203597,98.34323430482148,83.65142798725802,67.35273700231657,0
74.73206948429443,1.5410256657701433,92.2247312382295,36.9645720521913,48.7510853269014,0
71.8964898551713,3.1490035096340057,82.78307535562547,52.80493218214911,28.055884355297607,0
60.37120576054696,4.185096208926744,137.07578618811533,83.99650713524284,25.12922024017146,0
61.90088560914268,3.1051536950415892,96.60252336644125,24.392916743890638,24.37250956287321,0
72.23538860467978,5.325381475043038,138.08133694112507,68.0882399492585,61.887532120863064,1
80.23024735796407,3.6974023454189693,125.0833511729811,67.57917087721277,33.57593101802489,0
54.28650103165597,2.462977095396882,68.66566423576708,93.44606470279894,56.80137241341707,0
74.76581263841264,3.6994266726217635,88.01285687633275,29.506802444999746,54.18519227986261,0
81.51697604230114,4.6065477053697945,87.9571877648712,86.9733590265694,50.96466248144357,1
70.7757929903503,4.784792493884252,98.56276544609669,47.92952662331975,59.01448325411791,0
76.40161996821152,7.581082437587633,98.91434344395243,49.953829721586615,54.53285659344842,1
66.37544735281759,2.995963187993845,153.93230371716658,36.003921034723724,15.0,1
71.04507040578498,4.06773840913728,80.60989825945434,38.41866332559535,46.821996146424155,0
59.032691853534786,4.9670231042749675,104.12145884195903,65.2634022541706,58.8016501450149,0
53.24525353264901,4.157838673438532,111.09713936442046,37.9780255339356,78.24452497207997,0
79.54212640980221,3.2988873372204246,99.97170391955447,71.32511800575247,78.98332186531997,0
64.12004057820447,1.4113370825803617,101.98325040006445,46.06661115454444,30.189591782635894,0
68.35577723997255,3.2804977937045723,81.19343990248143,36.165391494724346,46.40439521099563,0
60.908461973838456,2.2673356571079584,101.91675150284827,48.4994353655219,26.942162980672034,0
60.72024237532899,1.0921079739771993,109.2051819311387,64.0607294516135,76.31816120176133,0
70.60929839924307,2.7677780849929445,105.89681051688032,53.007641285241654,68.20569933037682,0
66.16338244691482,2.3152349026203822,110.26361627041764,58.61578212999037,57.6094061898108,0
75.02376798395758,5.250815781527307,125.42694221145217,70.53173431304951,54.65751778016336,0
75.62030735183673,5.281965307345729,116.86539775445814,77.48358612910508,74.09009760559158,0
74.56679717059686,2.5730172787544254,101.28330304295386,52.41828444539024,71.38120311616223,0
73.90880632742756,3.731588464986382,78.908349666101,39.20400371962914,70.52871514649794,0
84.62214563945508,0.8551632081974363,89.19990505519985,59.36970062060529,59.30687775651615,0
63.45924984764091,3.3101880896711506,96.04663926548652,66.4716925498733,46.4123472077734,0
71.56052107037665,4.918167421264222,104.54222496414606,31.706944492504892,64.27399731228093,0
81.06151856415671,5.684888201305386,91.39001029301089,41.96905065386347,65.05667048408183,0
82.11631847470429,2.9165152529556355,83.15680241468166,45.05463587266706,48.949800486528645,0
60.625890805243415,6.093338748949536,78.61242359583393,54.25920060303322,46.380017298652135,0
69.50115646675305,1.4717545412757511,70.27880033700043,44.30138973471786,70.13301231293136,0
82.86496876693809,1.9542699615411734,95.77088733205775,70.72673305174419,78.6258577403137,0
76.06463284159253,5.477391358148178,73.5460220427345,29.107602373748485,40.00966750536374,0
73.56210425183818,7.208018211413846,81.99053768516694,29.565063450500357,47.78597319283241,0
70.25852245252274,5.088177578730652,92.90976628880256,51.99000139279368,57.61492922327517,0
68.92959259433803,4.1273837042387775,75.9534884309542,54.83824952548258,59.78558396397777,0
74.30575250472259,0.5,106.83553939297654,31.816410288554135,43.64213825213929,0
69.98100700012414,0.5595952991217374,113.32401514490238,47.078520832343834,82.13633008550471,1
71.65937103164444,4.4329371664125645,90.11031364404283,50.78121128645639,58.75352424872274,0
72.6287896489203,3.555487194771886,92.13350846301996,50.92063695360138,60.502134535528846,0
66.57542777205201,2.2094966721261877,109.67373586250339,60.73386669920725,80.14214530418806,0
76.25703499105151,4.317958645494091,87.14808824977578,46.091580080375884,44.81501399608656,0
95.31395718732335,4.407236461514057,85.91078959124869,84.60105340014893,50.585089976923555,0
57.784106885391395,5.899948563372491,121.53697260735322,66.7876835152043,31.94684433565394,0
74.59210019351984,4.445884109422861,115.91537929683017,43.471956628456205,49.24239244394275,0
65.91847929104875,6.411109863001892,110.82790004219055,59.70120688061631,28.177159617034196,0
76.619220620154,4.214389253187864,116.66160318509367,60.23227573490089,63.965589667090754,0
72.37245978662288,3.9923970093467953,64.40898294338746,79.86498654096006,58.719948001119874,0
78.09483819233971,6.115761935244929,124.36903984227592,47.19311627950568,47.566891087383354,0
81.40405261207023,2.438806415925418,107.05711809850736,71.81209655897032,50.39322067491443,0
73.53936894214544,9.266005415879091,118.19406491210323,58.753380564084594,64.18346264302384,1
81.05641830731342,4.875463460700125,106.96891202409452,84.84819729607779,33.82726260976163,0
53.24561684969058,4.885492655107812,100.88064684424282,81.23604614750934,55.26668587924037,0
84.72361838332819,5.145172753150676,95.04443417748301,61.54562748266681,63.192156903339914,0
75.00049721513872,7.5788456555969566,106.60859878395169,53.27891282171091,23.483614761484134,1
80.62274684596146,5.626513341010693,94.38853763971807,67.1189063742302,62.959008091232306,0
62.240994041267825,1.3108992377929378,115.62176980117202,54.75189951171101,25.21500058781493,0
65.35384094715731,6.726246692581508,71.4437803980604,88.24552790761003,50.11848825837548,0
73.16750635315819,3.586386156998969,90.251634487703,59.412461407186214,33.385742334476376,0
71.8636968853003,4.392879131110782,136.80681847257964,50.69843261476893,74.89994526864024,0
74.26454870407991,1.8973428500845206,88.73055165569693,49.726928450669334,33.48606313356244,0
80.67612128743973,5.147163632623013,95.7036929848574,36.16535946642327,25.59696172855388,0
57.87823747757721,3.0275262778784064,84.11354319969863,68.01806430567981,54.13363426554105,0
79.79055257373847,4.380305348388253,106.04522211194482,43.239798352488954,45.38075231966683,0
72.06625527966342,3.6886217903505907,86.74723197744049,77.76666853937945,27.92631634137707,0
70.36974511100362,7.665023043124533,96.6590031734731,34.727169027971684,60.413043186477594,1
60.23107812492088,7.768068540262062,115.27959764863127,60.29034608151851,20.13601500080513,1
76.02438934701492,4.283723706386534,87.42225846133331,78.70402765295417,35.42014443867,0
52.6871371917517,4.315159880463939,114.19500014677398,20.0,42.79650767326744,0
77.1871520899097,3.527802660570873,114.80012768008642,94.32877978825934,64.83555827448224,1
60.06315331621607,6.190811324705015,118.98920970494729,50.34486645043403,72.72749387221043,0
72.4276633009398,3.6079442333999214,102.52973790852472,60.539716878918505,69.64451595724117,0
71.04664930137663,3.4415929056377417,158.34266338558214,68.28608605929419,49.54761935260427,1
81.35630517835106,5.961467154596936,118.98160653775747,71.07032301007996,15.0,0
70.57075864788888,3.231061628430031,105.84779723932287,62.92991088867428,58.253648339496934,0
66.44689151083467,4.132040937992645,84.23336054652877,75.95292250671461,75.52917982759382,0
67.94717843223037,1.353640593280213,98.25293573426546,67.34327283259263,71.7406465250171,0
82.1830621500373,5.467542621221701,125.6738855842006,89.69586052058146,59.407184155899515,1
76.29037575344715,7.693560490527364,130.77162308127282,67.40189577138275,32.96795577058476,1
68.91496014781471,5.498205671039626,126.60992380792413,93.36343935789557,43.59508794194536,1
70.10842864028389,6.831238501585149,114.13346152113316,74.2194191242778,82.9410303799308,1
59.462583275316426,2.6770161548808042,77.39811628667971,25.49649773617127,29.33232744537386,0
75.10779360681232,4.625383707650761,108.76891272086206,100.0,33.63454034959383,1
57.921474338436276,2.5023121361350986,77.65475719504605,47.66180604741006,67.08082481864454,0
78.01437172668365,3.790022017953583,73.22551851914635,84.91979227363123,45.10145208311155,0
73.02897273993013,5.589980659234509,104.3048563223903,58.48228197614989,33.09191804472605,0
91.09561439659137,4.383277103585938,109.41759005085551,77.09962463684643,76.44753885956825,0
63.19891557020556,1.6572461593178014,116.26078777265448,45.607379604415705,59.37689565032224,0
71.17870327167493,1.8329476100320439,108.94845232694969,69.26340177561258,45.89118136996515,0
86.3863016073845,1.7139049233166075,109.56854774336946,53.4425701829007,33.667602625607756,0
81.53111712233131,5.084614661891263,82.27625347013722,86.422056008618,84.758505021759,1
66.4303035873608,7.915010164182004,98.110419675676,65.89602701350617,51.60877090005428,1
73.79173942698758,6.652424839200384,72.87189785857922,74.84696754342819,74.35724899951191,0
72.0159948513207,0.7872266415370843,63.93935567079648,20.0,66.29813671375103,0
74.25564693915325,6.757936688525611,113.33156877717533,56.45969176380475,43.665575013388256,0
66.41055651212136,5.885520750626365,86.44376091176274,65.38992943104932,43.792942160163506,0
71.28543677839413,1.4184600980482363,115.70497303857496,62.02506831591473,75.14103836694272,0
59.21558099778629,3.6542370899211045,119.9502564018407,75.30082984692132,75.40027732191965,0
73.08098761494466,6.171940340692458,88.85228815678244,51.41372358752582,21.96934438206825,0
75.60016538737466,5.190780319682614,110.62559970199538,58.87816789062335,60.79648417571508,0
70.18064469884892,1.843628905701626,88.09917888495445,79.26208175946985,50.06056312442209,0
59.079592875321694,5.29933588043315,66.77418025671716,20.0,35.466829392983904,0
79.9082549028117,0.5,102.21956927996425,68.60830902949014,56.187937515475156,0
74.91620030394242,3.79892008363702,91.5242701651163,51.99007313211604,30.40645134421769,0
66.19187921839219,6.248322184920088,92.07839780943164,41.57827375803481,44.5367143256624,0
69.7551964252955,4.233109588028376,135.55617612121947,64.05779603696764,39.224420275680515,1
59.99464477774529,3.3019124100684976,72.5345743108119,80.0941233425558,44.003339773504024,0
63.79671897777676,5.8008232567902285,106.89168043668649,76.70458896671525,50.85634410140815,0
67.69750922914288,5.9545532671558465,82.09346973139448,55.567965443680684,35.750933409512214,0
81.8273664982412,6.558071447160511,116.34870536681184,73.76333734769707,77.17086446197277,0
66.88397287290019,5.773816371203497,105.37176225115118,73.62522217202519,59.892531734306004,0
77.12170927463006,6.146474629086864,106.82819828525105,56.427317131123,80.71300845411288,0
67.69347037710736,5.519235403387563,82.99198688315931,45.52455006421226,49.438720494751685,0
73.983580486815,4.677951568409649,86.21941756081017,46.56578743979806,43.21936060324626,0
70.86883598284959,4.361116199574866,116.69050913222594,73.08136027962647,80.13464983188845,1
78.98445280074195,3.7729325056246763,131.87435899109613,57.241357353171566,42.75104416201624,1
67.72150929425153,2.0177370724924937,108.64554071003536,39.16872004484941,49.147327648174006,0
59.41977399998047,2.480439284124344,83.84642702611421,27.67246896083575,63.52075856795703,0
60.94440774909094,3.692373932516623,106.10089340431723,72.97296613773483,32.19638706724355,0
67.74498004845795,4.634613887284373,143.69449679807695,48.157988399243976,63.3807149566984,1
62.00752023457558,6.793462676407675,101.84361059294041,63.94697960180767,61.33355305863364,0
75.28169612543641,4.124764989824078,126.31313546908478,80.31472432724422,72.30920508860532,0
68.27385468113538,6.006257323579796,86.67407141490318,34.43935941663727,66.24071204816225,0
90.99685240021145,6.142768181577818,99.24245107054504,57.187527150768794,72.79965364604114,0
58.098283238902944,3.7833957641601765,111.15217371025977,54.927505368060345,50.23324959186544,0
73.6290654296784,5.270442380466331,107.15190954873155,64.83537176130329,38.197274900687034,0
62.97637581195465,3.7616495248952493,86.20500375799911,80.30487997156783,85.7597666253338,0
68.05278927693857,6.579844609341259,85.42868577164921,34.069867336076655,27.57287015164853,0
73.13135578672436,5.344518008878678,117.78911925584785,68.2563630767038,29.175790738019074,0
53.397029001005706,2.0571292415609603,121.44791462770262,76.56742794988662,61.042048648141304,0
73.89460893430422,4.490744373876924,127.21858404619456,54.64521284877791,77.9997767708376,0
87.22325969819335,7.166601891282983,132.47074869855163,55.525954127923775,55.03281353462664,1
68.37249361305126,3.873784137815938,102.42314985380673,65.5320886417286,67.98885919523529,0
74.07846285444407,5.005887054171123,94.39841360383132,64.20670740201619,20.067156360448664,0
80.1993735450032,5.182581907930461,124.31783689801244,68.48234693260821,44.007280605101805,0
70.68837199978402,2.3340787815037194,112.83524707332856,68.1030494752219,22.016835085707854,0
67.35231849174814,5.119274308584325,82.31580534398336,40.324498498918274,64.48657533165856,0
53.79410877022598,1.691096726337674,81.39455802065959,75.82479695868898,27.244298774575768,0
77.1279257551598,3.0738766084774873,108.85474362441356,79.00209691942429,31.554898463477645,0
71.09465272216882,6.1363013414895455,96.809056093288,61.34949208642537,60.22440327938244,0
63.898529188894706,4.842161322555045,99.52426081466744,31.105204482105997,68.98918963228367,0
73.01277368222155,3.6519399460562516,119.3056005647835,55.93457729199837,49.456510268332536,0
67.33055714555054,5.003629838241338,113.66266860973064,61.49930578493023,61.12276006573616,0
67.7725909510758,4.091833954040764,123.93771847153177,37.39719571983729,60.604610669969475,0
76.85032924886967,4.2226413042333,65.2323500852794,51.517514855613754,48.553170248920445,0
61.292940709409244,5.382273348096248,104.56116250998161,32.63135102394625,34.48471227382002,0
80.37852228859006,2.8907380668135625,112.50439340314972,68.93126004975599,61.03826251015428,0
60.81851069505277,4.272605529998444,72.52145457962169,60.98719566823692,61.809531052401326,0
66.69838873315788,3.6379172497080248,88.21187845642051,28.3759030333436,66.30439044944414,0
87.38356955253262,1.34591392571954,84.87126707807946,64.32636750847566,56.99306278526236,1
81.01883809313938,2.5431796387512606,100.3905670790785,56.98283894697476,33.304001384330775,0
72.78083193996352,7.022771604714898,129.30137143649316,67.29545708957929,63.04544258190688,0
64.47575827599027,4.8925019662534215,136.4066092839682,50.952416192402296,51.97790271634654,1
67.76582154640086,1.8175410574774995,85.34282404468092,43.57337078662557,44.27620089082651,0
72.58620251668557,1.4273621234728608,109.47803050888433,44.124796723759474,47.285826604900606,0
72.30018585871679,3.998104979800949,110.05836133856167,48.31293610212872,40.955885145753925,0
71.2730325629923,7.010135759717668,106.97726388726547,58.33885173845885,66.22150046167086,0
71.75333988732652,3.8638353573521655,107.18163342530622,60.66325237764626,29.310164262719674,0
70.28499912235908,6.552599196127229,105.46736504412391,54.56704219945415,36.10422504309731,0
60.4641701148799,4.833475387473584,130.37626217451555,50.38024811806265,46.73963384525288,0
67.86791406271334,5.048250824122609,119.84439725862504,51.67474117590133,77.82001357182399,0
79.31699243189477,1.7957030832517753,80.91722984323118,100.0,68.86848878548558,0
61.053325619591064,5.887541259149564,114.32297945584989,44.12694727303224,25.746547148044392,0
70.48355590768577,3.597122332907507,116.06272074120614,47.95650384616853,73.62155342003977,0
65.44196856983325,5.753566416499635,105.6694111687322,100.0,73.59072347173894,1
72.89080343518489,2.7344940324249967,120.36563866904913,65.57823944428995,33.21586678363771,0
68.89093455146545,4.518688825517843,103.38533261738267,33.160348013733476,15.0,0
83.81914931979735,4.833605317087737,103.60841897937252,73.16836967159074,50.84445404244412,0
76.05266523352203,3.9227400301634403,102.18232980418678,41.61929999437935,69.95879054879715,0
61.505574673782306,4.928181347555082,63.67160645560596,74.36310714049175,77.46019151680323,0
77.3698240929096,3.7204852646534845,98.55282890969427,54.202678971327735,38.06676377021999,0
65.8027851499035,3.031692444525697,87.97148965981773,50.08367470919067,80.03166567460744,0
67.38402902897973,7.089870089029136,78.64393639253397,86.96496943889649,16.35308166693278,1
74.51055216085697,6.088115159450596,125.81232912531141,68.1952243478664,46.1111901787314,0
68.06602064215892,2.830443458913282,109.07573533362024,75.51380987408574,45.324629292548046,0
79.14284653058364,5.223199750070304,99.46304054299814,65.82855423135904,70.43739239878884,0
65.80391950789284,2.8631780615379245,89.83353968015632,49.99999857172423,72.77283945503648,0
67.04842757926909,2.0675676414078166,105.33105252331733,69.00437956464775,67.26757848693433,0
66.74903285161513,6.060856994518158,117.84584967971523,79.7658770683203,30.391199220065687,0
67.4748900131597,1.13262067383467,85.11461481615507,60.42528478331596,65.80190450878275,0
80.7935324443825,5.868340644437774,99.91308929902102,90.42956687823711,60.14467149749587,1
77.03037034888243,3.7450998373684947,115.6251969793211,73.30876965763436,25.260249835526547,0
85.67955163209658,3.8192161144550485,65.15197967648567,61.81568589588901,18.927778739173007,0
90.14115363119404,4.9375521953219215,98.96374427670273,62.526757558320725,68.60782864033241,1
63.754263744541284,5.246157861589655,92.2727553301443,60.470268321417244,49.11841118433209,0
72.56335301861832,2.7125822817079652,97.59106256040938,35.47770185929015,31.437086520721994,0
62.59039746685254,5.491906095750115,90.97068598530575,56.37870047544511,48.6692491406597,0
65.77915257801386,4.404066968445402,102.47724289373132,61.98135673614101,57.82465729781124,0
66.95933991795465,1.9391013728375315,134.62528996760892,50.51046781720248,50.67438197331925,1
63.542761006893805,3.8942259295564696,94.16939546928609,64.07818633668451,27.16822154998262,0
63.58490181681269,6.686302228006067,105.25079816369391,58.383534826392,82.16891045702576,0
70.84572497183797,7.217870636842254,135.90543553136405,71.92645403977784,68.06748750380628,1
62.26625265290875,5.491227223695619,90.09971958929401,69.93602285918315,46.63396077322452,0
78.73701567310107,2.057381721296934,132.66415628072144,61.00875917652714,47.278485505563395,1
64.65797170065989,5.083092424420599,100.09581411928794,33.39016795656403,57.75179831541082,0
94.47655176077114,5.731549626946547,132.07413206556868,90.23300929626107,33.9260576681547,1
68.38892439228484,5.5062743699737,113.50362024903374,55.445962025719425,57.1628229845915,0
72.57614113533641,5.6129177196382525,105.5279505264836,56.54404383348763,30.70828101022775,0
61.63727052427172,4.853873542645555,98.81864772604145,51.834624723411025,50.87145253047734,0
85.64873406502112,4.069657790105022,88.7672540821742,49.208590190820345,33.302856002290255,1
80.95600544642333,3.104938507372767,101.36424789935835,85.79304486400943,34.11065628277257,1
74.3753269658889,0.7837160666973069,116.15250626236043,82.94879776694944,78.33156181789136,0
61.22557960976347,4.811355180084032,99.76399424205992,65.99908126439807,52.947614308552865,0
73.68533502179696,4.53489511857394,94.30078950888657,56.064997220246944,55.31850376641868,0
63.02855163186196,5.20363651708467,95.48591438480008,69.14412373024756,19.817922222698833,0
83.69884210778689,1.7924213520727905,117.86457904449496,59.32834567184871,42.447971863663234,0
78.47355785482539,5.361030040767108,122.0529061917974,54.575987470184224,59.37939389926956,0
72.76351230790189,7.8981811703173985,87.99129075216933,64.08590658711394,55.106180255160076,1
52.508994694021425,4.341210235400241,87.96541856594519,50.05916055498199,17.535522858340713,0
64.13267217072776,4.089002425428227,106.82846055400802,62.54075675206178,55.3142066665133,0
77.50208905279898,4.756204240954262,127.49557716563058,61.67597666118944,57.86494085679503,0
81.70306953378525,7.858206644478608,120.62782554962608,68.85284838264263,72.5401919711792,1
80.87335849193705,2.3574340289401965,77.4666601807616,46.85553476543904,41.516302096986514,0
59.263895982068355,4.565772480109029,95.24663254014648,70.78245435177773,16.126900477829267,0
74.41241845450324,2.7606166398642404,83.24913601558877,41.686393126890906,36.05166797111751,0
80.12412173186344,3.215391502479009,95.18477460552535,47.693800270817704,34.44695937810309,0
58.73331547534204,4.110737445812509,128.87937992863638,48.479348935376606,63.78734204447959,0
71.93676387701412,6.6251818349044065,74.39318832190568,38.70306809727379,15.0,0
74.19073918646765,7.441783081239727,70.86042472095657,76.28192110094193,44.826296638838045,0
69.59388332122612,5.006655860328071,85.08602523819516,40.55705542858365,74.81272757723607,0
57.18270515679039,3.5221294985577267,105.17159084636788,45.4195059266799,52.11539940533816,0
69.39441511941017,8.686929959949333,111.17358677153362,80.59733878875956,66.34106905882278,1
69.38155655795981,3.4304019336068636,107.87407182750759,47.72951136663429,25.731226663182596,0
70.81542076361796,3.171955354152473,121.16233725815829,54.61343166751426,26.368167788698837,0
67.49222859659945,1.005102519758292,68.26445930378927,39.78347798350235,74.99587932552375,0
68.45590277406826,6.7129648246405385,121.39005769046086,72.99312173720833,53.61944585211605,0
